,id,duration,service,flag,src_bytes,dst_bytes,wrong_fragment,logged_in,num_compromised,num_root,count,serror_rate,srv_serror_rate,rerror_rate,srv_rerror_rate,same_srv_rate,dst_host_count,dst_host_srv_count,dst_host_same_srv_rate,dst_host_diff_srv_rate,dst_host_serror_rate,dst_host_srv_serror_rate,dst_host_rerror_rate,dst_host_srv_rerror_rate,role,AttCat,attType
35,148,0,ftp_data,SF,334,0,0,1,0,0,2,0.0,0.0,0.0,0.0,1.0,6,26,1.0,0.0,0.0,0.0,0.0,0.0,admin,R2L,warezclient
51,222,4,ftp_data,SF,832,0,0,1,0,0,1,0.0,0.0,0.0,0.0,1.0,3,28,1.0,0.0,0.0,0.0,0.0,0.0,admin,R2L,warezclient
72,303,5043,ftp_data,SF,5131424,0,0,1,0,0,1,0.0,0.14,0.0,0.0,1.0,7,42,1.0,0.0,0.0,0.02,0.0,0.0,admin,R2L,warezclient
122,506,1,ftp,SF,1238,2451,0,1,0,0,1,0.0,0.0,0.0,0.0,1.0,255,123,0.48,0.02,0.0,0.0,0.01,0.0,technician,R2L,warezclient
169,689,0,telnet,RSTO,125,179,0,0,0,0,1,0.0,0.0,1.0,1.0,1.0,4,4,1.0,0.0,0.25,0.25,0.75,0.75,superuser,R2L,guess_passwd
177,717,0,ftp_data,SF,334,0,0,1,0,0,1,0.0,0.0,0.0,0.0,1.0,3,22,1.0,0.0,0.0,0.0,0.0,0.0,admin,R2L,warezclient
193,768,0,ftp_data,SF,246,0,0,1,0,0,1,0.0,0.0,0.0,0.0,1.0,5,16,1.0,0.0,0.0,0.0,0.0,0.0,admin,R2L,warezclient
268,1060,0,ftp,SF,1195,2449,0,1,0,0,1,0.0,0.0,0.0,0.0,1.0,116,14,0.12,0.05,0.02,0.0,0.07,0.0,superuser,R2L,warezclient
283,1123,0,ftp_data,SF,334,0,0,1,0,0,2,0.0,0.0,0.0,0.0,1.0,6,20,1.0,0.0,0.0,0.0,0.0,0.0,technician,R2L,warezclient
350,1359,2,ftp,SF,1231,2451,0,1,0,0,1,0.0,0.0,0.0,0.0,1.0,210,38,0.18,0.02,0.0,0.0,0.01,0.0,admin,R2L,warezclient
450,1744,0,ftp_data,SF,334,0,0,1,0,0,1,0.0,0.0,0.0,0.0,1.0,1,20,1.0,0.0,0.0,0.0,0.0,0.0,superuser,R2L,warezclient
471,1832,0,ftp_data,SF,334,0,0,1,0,0,1,0.0,0.0,0.0,0.0,1.0,3,9,1.0,0.0,0.0,0.0,0.0,0.0,technician,R2L,warezclient
495,1916,5080,ftp,SF,1042,2279,0,1,0,0,1,0.0,0.0,0.0,0.0,1.0,255,22,0.09,0.02,0.13,0.0,0.0,0.0,superuser,R2L,warezclient
638,2545,0,ftp,SF,1259,2453,0,1,0,0,1,0.0,0.0,0.0,0.0,1.0,255,55,0.22,0.02,0.0,0.0,0.0,0.0,admin,R2L,warezclient
701,2798,0,telnet,RSTO,126,179,0,0,0,0,2,0.0,0.0,1.0,1.0,1.0,13,13,1.0,0.0,0.08,0.08,0.92,0.92,superuser,R2L,guess_passwd
827,3269,0,ftp_data,SF,334,0,0,1,0,0,1,0.0,0.0,0.0,0.0,1.0,3,23,1.0,0.0,0.0,0.0,0.0,0.0,admin,R2L,warezclient
903,3616,0,ftp_data,SF,334,0,0,1,0,0,2,0.0,0.0,0.0,0.0,1.0,14,25,1.0,0.0,0.0,0.0,0.0,0.0,admin,R2L,warezclient
918,3686,5036,ftp_data,SF,5133876,0,0,1,0,0,1,0.0,0.0,0.0,0.0,1.0,11,43,0.91,0.18,0.0,0.0,0.0,0.0,superuser,R2L,warezclient
1076,4244,1,ftp,SF,1213,2449,0,1,0,0,1,0.0,0.0,0.0,0.0,1.0,255,132,0.52,0.02,0.0,0.0,0.0,0.0,superuser,R2L,warezclient
1081,4262,0,ftp_data,SF,334,0,0,1,0,0,2,0.0,0.0,0.0,0.0,1.0,4,22,1.0,0.0,0.0,0.0,0.0,0.0,admin,R2L,warezclient
1082,4263,1,ftp,SF,1276,2451,0,1,0,0,1,0.0,0.0,0.0,0.0,1.0,255,132,0.52,0.02,0.0,0.0,0.0,0.0,technician,R2L,warezclient
1121,4404,4,ftp_data,SF,832,0,0,1,0,0,1,0.0,0.0,0.0,0.0,1.0,3,11,1.0,0.0,0.0,0.0,0.0,0.0,admin,R2L,warezclient
1263,5021,0,ftp_data,SF,334,0,0,1,0,0,1,0.0,0.0,0.0,0.0,1.0,14,46,0.93,0.14,0.0,0.0,0.0,0.0,superuser,R2L,warezclient
1265,5030,0,ftp_data,SF,334,0,0,1,0,0,2,0.0,0.0,0.0,0.0,1.0,9,46,1.0,0.0,0.0,0.02,0.0,0.0,superuser,R2L,warezclient
1394,5479,0,ftp,SF,1242,2449,0,1,0,0,1,0.0,0.0,0.0,0.0,1.0,109,7,0.06,0.06,0.02,0.0,0.07,0.0,superuser,R2L,warezclient
1495,5931,0,ftp_data,SF,334,0,0,1,0,0,2,0.0,0.0,0.0,0.0,1.0,6,54,1.0,0.0,0.0,0.0,0.0,0.0,admin,R2L,warezclient
1608,6436,0,ftp_data,SF,334,0,0,1,0,0,2,0.0,0.0,0.0,0.0,1.0,17,49,0.94,0.12,0.0,0.0,0.0,0.0,admin,R2L,warezclient
1623,6477,0,ftp_data,SF,246,0,0,1,0,0,2,0.0,0.0,0.0,0.0,0.5,255,83,0.33,0.07,0.02,0.05,0.0,0.0,admin,R2L,warezclient
1656,6623,2,ftp,SF,1263,2451,0,1,0,0,1,0.0,0.0,0.0,0.0,1.0,252,80,0.32,0.02,0.0,0.0,0.01,0.0,admin,R2L,warezclient
1674,6692,0,ftp_data,SF,334,0,0,1,0,0,1,0.0,0.0,0.0,0.0,1.0,5,9,1.0,0.0,0.0,0.0,0.0,0.0,technician,R2L,warezclient
1694,6753,0,ftp_data,SF,334,0,0,1,0,0,1,0.0,0.0,0.0,0.0,1.0,13,49,1.0,0.0,0.0,0.0,0.0,0.0,superuser,R2L,warezclient
1765,7040,10,ftp_data,SF,0,5150180,0,0,0,0,1,0.0,0.0,0.0,0.0,1.0,17,17,1.0,0.0,0.0,0.0,0.0,0.0,technician,R2L,warezmaster
1799,7139,0,ftp_data,SF,334,0,0,1,0,0,1,0.0,0.0,0.0,0.0,1.0,5,25,1.0,0.0,0.0,0.0,0.0,0.0,admin,R2L,warezclient
1901,7623,3,ftp,SF,1233,2449,0,1,0,0,1,0.0,0.0,0.0,0.0,1.0,255,29,0.11,0.02,0.11,0.0,0.0,0.0,technician,R2L,warezclient
1955,7833,0,ftp_data,SF,334,0,0,1,0,0,1,0.0,0.0,0.0,0.0,1.0,3,41,1.0,0.0,0.0,0.0,0.0,0.0,technician,R2L,warezclient
1962,7860,4,ftp,SF,1240,2449,0,1,0,0,1,0.0,0.0,0.0,0.0,1.0,213,41,0.19,0.02,0.0,0.0,0.01,0.0,technician,R2L,warezclient
2032,8160,0,ftp_data,SF,334,0,0,1,0,0,1,0.0,0.0,0.0,0.0,1.0,8,45,1.0,0.0,0.0,0.02,0.0,0.0,technician,R2L,warezclient
2054,8253,0,ftp,SF,1224,2451,0,1,0,0,1,0.0,0.0,0.0,0.0,1.0,222,50,0.23,0.02,0.0,0.0,0.01,0.0,admin,R2L,warezclient
2065,8305,1,ftp,SF,1222,2449,0,1,0,0,1,0.0,0.0,0.0,0.0,1.0,255,93,0.36,0.02,0.0,0.0,0.01,0.0,superuser,R2L,warezclient
2110,8492,9,ftp_data,SF,0,5150772,0,0,0,0,1,0.0,0.0,0.0,0.0,1.0,9,9,1.0,0.0,0.0,0.0,0.0,0.0,superuser,R2L,warezmaster
2218,8924,0,ftp,SF,1248,2449,0,1,0,0,1,0.0,0.0,0.0,0.0,1.0,255,87,0.34,0.02,0.0,0.0,0.01,0.0,technician,R2L,warezclient
2237,8984,0,ftp_data,SF,334,0,0,1,0,0,1,0.0,0.0,0.0,0.0,1.0,7,33,1.0,0.0,0.0,0.0,0.0,0.0,technician,R2L,warezclient
2369,9516,0,ftp_data,SF,334,0,0,1,0,0,2,0.0,0.0,0.0,0.0,1.0,2,28,1.0,0.0,0.0,0.0,0.0,0.0,admin,R2L,warezclient
2482,9909,5062,ftp_data,SF,5133876,0,0,1,0,0,1,0.0,0.0,0.0,0.0,1.0,255,69,0.27,0.08,0.01,0.01,0.0,0.0,admin,R2L,warezclient
2650,10569,5057,ftp_data,SF,5135678,0,0,1,0,0,1,0.0,0.0,0.0,0.0,1.0,1,1,1.0,0.0,0.0,0.0,0.0,0.0,technician,R2L,warezclient
2699,10738,0,http,SF,51,8127,0,1,0,0,1,0.0,0.0,0.0,0.5,1.0,255,255,1.0,0.0,0.0,0.0,0.0,0.0,technician,R2L,phf
2777,11054,0,ftp_data,SF,30,0,0,1,0,0,1,0.0,0.0,0.0,0.0,1.0,5,39,1.0,0.0,0.0,0.03,0.0,0.0,admin,R2L,warezclient
2813,11184,3,ftp,SF,1240,2451,0,1,0,0,1,0.0,0.0,0.0,0.0,1.0,255,33,0.13,0.02,0.09,0.0,0.0,0.0,admin,R2L,warezclient
2825,11223,0,ftp_data,SF,334,0,0,1,0,0,1,0.0,0.0,0.0,0.0,1.0,11,38,1.0,0.0,0.0,0.0,0.0,0.0,admin,R2L,warezclient
2902,11551,12,http,SF,51,8127,0,1,0,0,1,0.0,0.0,0.0,0.0,1.0,255,246,0.96,0.01,0.0,0.0,0.0,0.0,admin,R2L,phf
3070,12259,0,ftp_data,SF,334,0,0,1,0,0,1,0.0,0.0,0.0,0.0,1.0,11,11,1.0,0.0,0.0,0.0,0.0,0.0,superuser,R2L,warezclient
3077,12291,0,imap4,SF,0,0,0,0,0,0,4,0.5,0.75,0.0,0.04,1.0,10,10,1.0,0.0,0.5,0.5,0.0,0.0,technician,R2L,imap
3119,12476,0,ftp_data,SF,334,0,0,1,0,0,2,0.0,0.0,0.0,0.0,1.0,6,38,0.67,0.33,0.0,0.0,0.0,0.0,technician,R2L,warezclient
3124,12509,0,ftp,SF,1231,2451,0,1,0,0,1,0.0,0.0,0.0,0.0,1.0,226,54,0.24,0.02,0.0,0.0,0.01,0.0,admin,R2L,warezclient
3238,12968,4,ftp_data,SF,832,0,0,1,0,0,1,0.0,0.0,0.0,0.0,1.0,17,52,1.0,0.0,0.0,0.02,0.0,0.0,admin,R2L,warezclient
3241,12984,0,ftp_data,SF,334,0,0,1,0,0,2,0.0,0.0,0.0,0.0,1.0,2,44,1.0,0.0,0.0,0.0,0.0,0.0,technician,R2L,warezclient
3246,13001,0,telnet,RSTO,126,179,0,0,0,0,2,0.0,0.0,1.0,1.0,1.0,47,47,1.0,0.0,0.04,0.04,0.96,0.96,technician,R2L,guess_passwd
3258,13060,5061,ftp_data,SF,5133876,0,0,1,0,0,1,0.0,0.0,0.0,0.0,1.0,4,41,1.0,0.0,0.0,0.02,0.0,0.0,admin,R2L,warezclient
3357,13485,0,ftp_data,SF,334,0,0,1,0,0,1,0.0,0.0,0.0,0.0,1.0,1,42,1.0,0.0,0.0,0.0,0.0,0.0,superuser,R2L,warezclient
3506,13996,0,ftp_data,SF,334,0,0,1,0,0,1,0.0,0.0,0.0,0.0,1.0,6,18,1.0,0.0,0.0,0.0,0.0,0.0,admin,R2L,warezclient
3816,15232,12,ftp_data,SF,7045,0,0,1,0,0,1,0.0,0.0,0.0,0.0,1.0,255,62,0.24,0.13,0.02,0.02,0.0,0.0,superuser,R2L,warezclient
3858,15398,0,ftp_data,SF,334,0,0,1,0,0,1,0.0,0.0,0.0,0.0,1.0,1,13,1.0,0.0,0.0,0.0,0.0,0.0,technician,R2L,warezclient
3993,15908,4,ftp,SF,1232,2449,0,1,0,0,1,0.0,0.0,0.0,0.0,1.0,246,74,0.3,0.02,0.0,0.0,0.01,0.0,admin,R2L,warezclient
4004,15953,2,ftp,SF,1254,2451,0,1,0,0,1,0.0,0.0,0.0,0.0,1.0,255,134,0.53,0.02,0.0,0.0,0.0,0.0,admin,R2L,warezclient
4176,16633,0,ftp_data,SF,334,0,0,1,0,0,1,0.0,0.0,0.0,0.0,1.0,8,33,1.0,0.0,0.0,0.0,0.0,0.0,admin,R2L,warezclient
4201,16742,0,ftp_data,SF,334,0,0,1,0,0,2,0.0,0.0,0.0,0.0,1.0,16,43,1.0,0.0,0.0,0.0,0.0,0.0,superuser,R2L,warezclient
4210,16790,1,ftp,SF,1250,2451,0,1,0,0,1,0.0,0.0,0.0,0.0,1.0,247,75,0.3,0.02,0.0,0.0,0.01,0.0,admin,R2L,warezclient
4317,17248,0,ftp_data,SF,334,0,0,1,0,0,2,0.0,0.0,0.0,0.0,1.0,6,47,1.0,0.0,0.0,0.0,0.0,0.0,superuser,R2L,warezclient
4411,17672,41,imap4,SF,1334,162,0,0,0,0,1,0.0,0.0,0.0,0.0,1.0,5,5,1.0,0.0,0.4,0.4,0.0,0.0,technician,R2L,imap
4488,18080,0,telnet,RSTO,126,179,0,0,0,0,2,0.0,0.0,1.0,1.0,1.0,19,19,1.0,0.0,0.05,0.05,0.95,0.95,superuser,R2L,guess_passwd
4525,18285,0,ftp_data,SF,334,0,0,1,0,0,2,0.0,0.0,0.0,0.0,1.0,2,30,1.0,0.0,0.0,0.0,0.0,0.0,admin,R2L,warezclient
4728,19105,0,ftp_data,SF,334,0,0,1,0,0,2,0.0,0.0,0.0,0.0,1.0,2,42,1.0,0.0,0.0,0.0,0.0,0.0,technician,R2L,warezclient
4843,19602,0,ftp_data,SF,334,0,0,1,0,0,2,0.0,0.0,0.0,0.0,1.0,5,30,1.0,0.0,0.0,0.03,0.0,0.0,superuser,R2L,warezclient
4855,19641,0,ftp_data,SF,334,0,0,1,0,0,2,0.0,0.0,0.0,0.0,1.0,4,44,1.0,0.0,0.0,0.0,0.0,0.0,superuser,R2L,warezclient
4880,19756,2,ftp,SF,1225,2449,0,1,0,0,1,0.0,0.0,0.0,0.0,1.0,255,130,0.51,0.02,0.0,0.0,0.0,0.0,technician,R2L,warezclient
5002,20263,5048,ftp_data,SF,5135678,0,0,1,0,0,1,0.0,0.0,0.0,0.0,1.0,9,39,1.0,0.0,0.0,0.0,0.0,0.0,technician,R2L,warezclient
5103,20621,1,ftp,SF,1138,2443,0,1,0,0,1,0.0,0.0,0.0,0.0,1.0,255,70,0.27,0.02,0.0,0.0,0.0,0.0,admin,R2L,warezclient
5136,20764,0,ftp_data,SF,334,0,0,1,0,0,2,0.0,0.0,0.0,0.0,1.0,226,87,0.37,0.02,0.0,0.0,0.0,0.0,superuser,R2L,warezclient
5147,20813,0,ftp_data,SF,0,467968,0,0,0,0,1,0.0,0.0,0.0,0.0,1.0,2,2,1.0,0.0,0.0,0.0,0.0,0.0,admin,R2L,multihop
5170,20904,0,ftp_data,SF,334,0,0,1,0,0,1,0.0,0.0,0.0,0.0,1.0,6,40,1.0,0.0,0.0,0.03,0.0,0.0,technician,R2L,warezclient
5270,21300,12,ftp_data,SF,7045,0,0,1,0,0,2,0.0,0.0,0.0,0.0,1.0,2,27,1.0,0.0,0.0,0.0,0.0,0.0,technician,R2L,warezclient
5305,21452,4,ftp_data,SF,832,0,0,1,0,0,1,0.0,0.0,0.0,0.0,1.0,3,15,1.0,0.0,0.0,0.0,0.0,0.0,admin,R2L,warezclient
5327,21543,0,imap4,SH,0,0,0,0,0,0,2,1.0,0.76,0.0,0.04,1.0,8,8,1.0,0.0,0.62,0.62,0.0,0.0,technician,R2L,imap
5333,21574,4,ftp_data,SF,832,0,0,1,0,0,1,0.0,0.0,0.0,0.0,1.0,8,35,1.0,0.0,0.0,0.0,0.0,0.0,admin,R2L,warezclient
5377,21735,1,ftp,SF,1236,2450,0,1,0,0,1,0.0,0.0,0.0,0.0,1.0,255,86,0.34,0.02,0.0,0.0,0.0,0.0,admin,R2L,warezclient
5442,22005,0,ftp_data,SF,334,0,0,1,0,0,1,0.0,0.0,0.0,0.0,1.0,10,47,1.0,0.0,0.0,0.0,0.0,0.0,admin,R2L,warezclient
5518,22342,0,telnet,RSTO,126,179,0,0,0,0,1,0.0,0.0,1.0,1.0,1.0,28,28,1.0,0.0,0.07,0.07,0.93,0.93,technician,R2L,guess_passwd
5527,22387,0,telnet,RSTO,126,179,0,0,0,0,1,0.0,0.0,1.0,1.0,1.0,45,45,1.0,0.0,0.04,0.04,0.96,0.96,technician,R2L,guess_passwd
5552,22497,0,ftp_data,SF,334,0,0,1,0,0,1,0.0,0.0,0.0,0.0,1.0,1,19,1.0,0.0,0.0,0.0,0.0,0.0,technician,R2L,warezclient
5560,22537,12,ftp_data,SF,7045,0,0,1,0,0,2,0.0,0.0,0.0,0.0,1.0,2,13,1.0,0.0,0.0,0.0,0.0,0.0,superuser,R2L,warezclient
5628,22827,2,ftp,SF,1250,2451,0,1,0,0,1,0.0,0.0,0.0,0.0,1.0,255,135,0.53,0.02,0.0,0.0,0.0,0.0,superuser,R2L,warezclient
5654,22959,5042,ftp_data,SF,5133876,0,0,1,0,0,1,0.0,0.0,0.0,0.0,1.0,9,34,1.0,0.0,0.0,0.03,0.0,0.0,technician,R2L,warezclient
5718,23211,5051,ftp_data,SF,5135678,0,0,1,0,0,1,0.0,0.0,0.0,0.0,1.0,5,32,1.0,0.0,0.0,0.0,0.0,0.0,superuser,R2L,warezclient
5722,23227,0,ftp_data,SF,334,0,0,1,0,0,2,0.0,0.0,0.0,0.0,1.0,2,14,1.0,0.0,0.0,0.0,0.0,0.0,superuser,R2L,warezclient
5753,23326,3,ftp,SF,1242,2451,0,1,0,0,1,0.0,0.0,0.0,0.0,1.0,255,99,0.39,0.02,0.0,0.0,0.0,0.0,superuser,R2L,warezclient
5837,23638,10120,ftp,SF,1020,2201,0,1,0,0,1,0.0,0.0,0.0,0.0,1.0,255,15,0.06,0.02,0.16,0.0,0.0,0.0,superuser,R2L,warezclient
5844,23676,0,ftp_data,SF,334,0,0,1,0,0,2,0.0,0.0,0.0,0.0,1.0,2,20,1.0,0.0,0.0,0.0,0.0,0.0,superuser,R2L,warezclient
5845,23677,0,ftp_data,SF,334,0,0,1,0,0,1,0.0,0.0,0.0,0.0,1.0,3,29,1.0,0.0,0.0,0.0,0.0,0.0,technician,R2L,warezclient
5863,23749,0,ftp,SF,1235,2449,0,1,0,0,1,0.0,0.0,0.0,0.0,1.0,255,79,0.31,0.02,0.0,0.0,0.0,0.0,technician,R2L,warezclient
5900,23914,0,ftp_data,SF,334,0,0,1,0,0,2,0.0,0.0,0.0,0.0,1.0,4,34,1.0,0.0,0.0,0.0,0.0,0.0,admin,R2L,warezclient
6006,24417,10,ftp_data,SF,0,5151385,0,0,0,0,1,0.0,0.0,0.0,0.0,1.0,5,5,1.0,0.0,0.0,0.0,0.0,0.0,superuser,R2L,warezmaster
6028,24501,0,ftp_data,SF,334,0,0,1,0,0,1,0.0,0.0,0.0,0.0,1.0,5,17,1.0,0.0,0.0,0.0,0.0,0.0,superuser,R2L,warezclient
6048,24568,0,ftp,SF,1210,2447,0,1,0,0,1,0.0,0.0,0.0,0.0,1.0,255,44,0.17,0.02,0.05,0.0,0.0,0.0,technician,R2L,warezclient
6133,24935,0,ftp_data,SF,334,0,0,1,0,0,2,0.0,0.0,0.0,0.0,1.0,2,8,1.0,0.0,0.0,0.0,0.0,0.0,technician,R2L,warezclient
6155,25023,0,ftp_data,SF,334,0,0,1,0,0,1,0.0,0.0,0.0,0.0,1.0,1,31,1.0,0.0,0.0,0.0,0.0,0.0,technician,R2L,warezclient
6189,25188,0,ftp_data,SF,334,0,0,1,0,0,1,0.0,0.0,0.0,0.0,1.0,1,39,1.0,0.0,0.0,0.0,0.0,0.0,admin,R2L,warezclient
6258,25499,0,ftp,SF,1196,2449,0,1,0,0,1,0.0,0.0,0.0,0.0,1.0,255,67,0.26,0.02,0.0,0.0,0.0,0.0,admin,R2L,warezclient
6300,25627,0,ftp_data,SF,334,0,0,1,0,0,2,0.0,0.0,0.0,0.0,1.0,2,18,1.0,0.0,0.0,0.0,0.0,0.0,superuser,R2L,warezclient
6371,25940,0,ftp_data,SF,334,0,0,1,0,0,1,0.0,0.0,0.0,0.0,1.0,10,18,1.0,0.0,0.0,0.0,0.0,0.0,superuser,R2L,warezclient
6377,25959,0,ftp_data,SF,334,0,0,1,0,0,1,0.0,0.0,0.0,0.0,1.0,1,7,1.0,0.0,0.0,0.0,0.0,0.0,superuser,R2L,warezclient
6444,26230,0,ftp_data,SF,334,0,0,1,0,0,1,0.0,0.0,0.0,0.0,1.0,5,15,1.0,0.0,0.0,0.0,0.0,0.0,admin,R2L,warezclient
6479,26406,0,ftp_data,SF,334,0,0,1,0,0,1,0.0,0.0,0.0,0.0,1.0,9,9,1.0,0.0,0.0,0.0,0.0,0.0,technician,R2L,warezclient
6491,26456,1,ftp,SF,1251,2453,0,1,0,0,1,0.0,0.0,0.0,0.0,1.0,255,111,0.44,0.02,0.0,0.0,0.01,0.0,admin,R2L,warezclient
6522,26595,0,ftp_data,SF,334,0,0,1,0,0,2,0.0,0.0,0.0,0.0,1.0,2,36,1.0,0.0,0.0,0.0,0.0,0.0,superuser,R2L,warezclient
6560,26757,0,ftp,SF,1224,2449,0,1,0,0,1,0.0,0.0,0.0,0.0,1.0,104,2,0.02,0.06,0.02,0.0,0.08,0.0,technician,R2L,warezclient
6582,26872,179,ftp,SF,87,319,0,1,0,0,1,0.0,0.0,0.0,0.0,1.0,255,2,0.01,0.01,0.0,0.0,0.04,0.0,technician,R2L,multihop
6728,27419,0,ftp_data,SF,334,0,0,1,0,0,2,0.0,0.0,0.0,0.0,1.0,2,8,1.0,0.0,0.0,0.0,0.0,0.0,technician,R2L,warezclient
6735,27443,0,ftp_data,SF,334,0,0,1,0,0,1,0.0,0.0,0.0,0.0,1.0,1,9,1.0,0.0,0.0,0.0,0.0,0.0,superuser,R2L,warezclient
6781,27600,2,ftp,SF,1199,2449,0,1,0,0,1,0.0,0.0,0.0,0.0,1.0,215,43,0.2,0.02,0.0,0.0,0.01,0.0,superuser,R2L,warezclient
6875,27956,0,ftp_data,SF,334,0,0,1,0,0,1,0.0,0.0,0.0,0.0,1.0,3,29,1.0,0.0,0.0,0.0,0.0,0.0,superuser,R2L,warezclient
6935,28213,0,ftp_data,SF,246,0,0,1,0,0,1,0.0,0.0,0.0,0.0,1.0,1,28,1.0,0.0,0.0,0.0,0.0,0.0,admin,R2L,warezclient
6943,28261,0,ftp_data,SF,246,0,0,1,0,0,1,0.0,0.0,0.0,0.0,1.0,1,31,1.0,0.0,0.0,0.0,0.0,0.0,superuser,R2L,warezclient
7073,28806,15161,ftp,SF,368,1202,0,1,0,0,1,0.0,0.0,0.0,0.0,1.0,255,5,0.02,0.02,0.2,0.0,0.0,0.0,superuser,R2L,warezclient
7259,29465,4,ftp_data,SF,832,0,0,1,0,0,1,0.0,0.0,0.0,0.0,1.0,3,33,1.0,0.0,0.0,0.0,0.0,0.0,superuser,R2L,warezclient
7502,30481,0,telnet,RSTO,126,179,0,0,0,0,2,0.0,0.0,1.0,1.0,1.0,12,12,1.0,0.0,0.08,0.08,0.92,0.92,technician,R2L,guess_passwd
7557,30712,5032,ftp_data,SF,5131424,0,0,1,0,0,1,0.0,0.0,0.0,0.0,1.0,6,33,1.0,0.0,0.0,0.0,0.0,0.0,superuser,R2L,warezclient
7583,30854,1,ftp,SF,1206,2447,0,1,0,0,1,0.0,0.0,0.0,0.0,1.0,255,73,0.29,0.02,0.0,0.0,0.0,0.0,technician,R2L,warezclient
7634,31046,0,ftp_data,SF,334,0,0,1,0,0,1,0.0,0.0,0.0,0.0,1.0,11,22,1.0,0.0,0.0,0.0,0.0,0.0,technician,R2L,warezclient
7655,31130,0,ftp_data,SF,334,0,0,1,0,0,2,0.0,0.0,0.0,0.0,1.0,2,40,1.0,0.0,0.0,0.0,0.0,0.0,superuser,R2L,warezclient
7743,31504,0,ftp_data,SF,334,0,0,1,0,0,2,0.0,0.0,0.0,0.0,1.0,9,46,1.0,0.0,0.0,0.0,0.0,0.0,technician,R2L,warezclient
7767,31635,0,ftp,SF,1208,2449,0,1,0,0,1,0.0,0.0,0.0,0.0,1.0,255,30,0.12,0.02,0.1,0.0,0.0,0.0,admin,R2L,warezclient
7772,31647,9,ftp_data,SF,0,5151049,0,0,0,0,1,0.0,0.0,0.0,0.0,1.0,13,13,1.0,0.0,0.0,0.0,0.0,0.0,superuser,R2L,warezmaster
7803,31762,0,ftp_data,SF,30,0,0,1,0,0,1,0.0,0.0,0.0,0.0,1.0,5,17,1.0,0.0,0.0,0.0,0.0,0.0,technician,R2L,warezclient
7825,31850,0,ftp_data,SF,334,0,0,1,0,0,2,0.0,0.0,0.0,0.0,1.0,6,41,1.0,0.0,0.0,0.0,0.0,0.0,technician,R2L,warezclient
7983,32430,0,ftp_data,SF,334,0,0,1,0,0,1,0.0,0.0,0.0,0.0,1.0,3,15,1.0,0.0,0.0,0.0,0.0,0.0,superuser,R2L,warezclient
8312,33767,9,ftp_data,SF,0,5153771,0,0,0,0,1,0.0,0.0,0.0,0.0,1.0,12,12,1.0,0.0,0.0,0.0,0.0,0.0,admin,R2L,warezmaster
8327,33810,5083,ftp,SF,1043,2278,0,1,0,0,1,0.0,0.0,0.0,0.0,1.0,255,18,0.07,0.02,0.15,0.0,0.0,0.0,technician,R2L,warezclient
8385,34062,0,ftp_data,SF,334,0,0,1,0,0,1,0.0,0.0,0.0,0.0,1.0,5,39,1.0,0.0,0.0,0.0,0.0,0.0,admin,R2L,warezclient
8392,34087,0,ftp_data,SF,334,0,0,1,0,0,1,0.0,0.0,0.0,0.0,1.0,223,84,0.36,0.02,0.0,0.0,0.0,0.0,technician,R2L,warezclient
8427,34220,4,ftp_data,SF,832,0,0,1,0,0,1,0.0,0.0,0.0,0.0,1.0,7,37,1.0,0.0,0.0,0.0,0.0,0.0,admin,R2L,warezclient
8520,34535,1,ftp,SF,1258,2453,0,1,0,0,1,0.0,0.0,0.0,0.0,1.0,255,129,0.51,0.02,0.0,0.0,0.0,0.0,admin,R2L,warezclient
8535,34603,1,ftp,SF,1249,2449,0,1,0,0,1,0.0,0.0,0.0,0.0,1.0,255,107,0.42,0.02,0.0,0.0,0.01,0.0,superuser,R2L,warezclient
8599,34883,0,ftp_data,SF,30,0,0,1,0,0,1,0.0,0.0,0.0,0.0,1.0,5,42,1.0,0.0,0.0,0.02,0.0,0.0,superuser,R2L,warezclient
8648,35074,1,ftp,SF,1262,2451,0,1,0,0,1,0.0,0.0,0.0,0.0,1.0,255,61,0.24,0.02,0.0,0.0,0.0,0.0,admin,R2L,warezclient
8651,35081,0,ftp_data,SF,334,0,0,1,0,0,1,0.0,0.0,0.0,0.0,1.0,3,15,1.0,0.0,0.0,0.0,0.0,0.0,technician,R2L,warezclient
8678,35217,0,ftp_data,SF,334,0,0,1,0,0,1,0.0,0.0,0.0,0.0,1.0,3,37,1.0,0.0,0.0,0.0,0.0,0.0,technician,R2L,warezclient
8719,35408,1,ftp,SF,1197,2449,0,1,0,0,1,0.0,0.0,0.0,0.0,1.0,255,124,0.49,0.02,0.0,0.0,0.01,0.0,superuser,R2L,warezclient
8724,35434,60,telnet,S3,125,179,0,0,0,0,1,1.0,1.0,0.0,0.0,1.0,1,1,1.0,0.0,1.0,1.0,0.0,0.0,superuser,R2L,guess_passwd
8908,36167,0,ftp_data,SF,334,0,0,1,0,0,1,0.0,0.0,0.0,0.0,1.0,5,33,1.0,0.0,0.0,0.0,0.0,0.0,technician,R2L,warezclient
9029,36716,0,ftp_data,SF,334,0,0,1,0,0,1,0.0,0.0,0.0,0.0,1.0,255,70,0.27,0.13,0.02,0.01,0.0,0.0,technician,R2L,warezclient
9034,36744,0,ftp,SF,1257,2451,0,1,0,0,1,0.0,0.0,0.0,0.0,1.0,255,136,0.53,0.02,0.0,0.0,0.0,0.0,superuser,R2L,warezclient
9090,37004,1,ftp,SF,1254,2453,0,1,0,0,1,0.0,0.0,0.0,0.0,1.0,255,46,0.18,0.02,0.04,0.0,0.0,0.0,admin,R2L,warezclient
9101,37075,1,ftp,SF,1196,2449,0,1,0,0,1,0.0,0.0,0.0,0.0,1.0,255,121,0.47,0.02,0.0,0.0,0.01,0.0,admin,R2L,warezclient
9265,37718,0,ftp_data,SF,334,0,0,1,0,0,1,0.0,0.0,0.0,0.0,1.0,13,23,1.0,0.0,0.0,0.0,0.0,0.0,admin,R2L,warezclient
9325,37990,2,ftp,SF,1231,2451,0,1,0,0,1,0.0,0.0,0.0,0.0,1.0,211,39,0.18,0.02,0.0,0.0,0.01,0.0,superuser,R2L,warezclient
9640,39178,1,ftp,SF,1201,2447,0,1,0,0,1,0.0,0.0,0.0,0.0,1.0,196,24,0.12,0.03,0.01,0.0,0.01,0.0,technician,R2L,warezclient
9659,39258,4,ftp_data,SF,832,0,0,1,0,0,1,0.0,0.0,0.0,0.0,1.0,10,42,0.9,0.2,0.0,0.0,0.0,0.0,admin,R2L,warezclient
9685,39341,0,ftp_data,SF,334,0,0,1,0,0,1,0.0,0.0,0.0,0.0,1.0,5,13,1.0,0.0,0.0,0.0,0.0,0.0,superuser,R2L,warezclient
9696,39395,0,ftp_data,SF,246,0,0,1,0,0,2,0.0,0.0,0.0,0.0,1.0,2,10,1.0,0.0,0.0,0.0,0.0,0.0,superuser,R2L,warezclient
9703,39420,0,ftp_data,SF,334,0,0,1,0,0,1,0.0,0.0,0.0,0.0,1.0,7,41,1.0,0.0,0.0,0.0,0.0,0.0,superuser,R2L,warezclient
9761,39711,0,ftp_data,SF,334,0,0,1,0,0,2,0.0,0.0,0.0,0.0,1.0,251,101,0.4,0.02,0.0,0.0,0.0,0.0,superuser,R2L,warezclient
9765,39727,0,ftp,SF,1197,2449,0,1,0,0,1,0.0,0.0,0.0,0.0,1.0,236,64,0.27,0.02,0.0,0.0,0.01,0.0,superuser,R2L,warezclient
9847,39978,0,ftp_data,SF,334,0,0,1,0,0,2,0.0,0.0,0.0,0.0,1.0,2,56,1.0,0.0,0.0,0.0,0.0,0.0,technician,R2L,warezclient
9854,40006,1,ftp,SF,1215,2449,0,1,0,0,1,0.0,0.0,0.0,0.0,1.0,255,95,0.37,0.02,0.0,0.0,0.0,0.0,admin,R2L,warezclient
9903,40216,2,ftp_data,SF,0,1159100,0,0,0,0,1,0.0,0.0,0.0,0.0,1.0,18,18,1.0,0.0,0.0,0.0,0.0,0.0,technician,R2L,warezmaster
10043,40766,0,ftp_data,SF,334,0,0,1,0,0,2,0.0,0.0,0.0,0.0,1.0,8,20,1.0,0.0,0.0,0.0,0.0,0.0,technician,R2L,warezclient
10082,40971,0,ftp_data,SF,334,0,0,1,0,0,2,0.0,0.0,0.0,0.0,1.0,6,10,1.0,0.0,0.0,0.0,0.0,0.0,admin,R2L,warezclient
10102,41073,0,ftp_data,SF,334,0,0,1,0,0,1,0.0,0.0,0.0,0.0,1.0,7,17,1.0,0.0,0.0,0.0,0.0,0.0,technician,R2L,warezclient
10180,41385,0,ftp_data,SF,334,0,0,1,0,0,1,0.0,0.0,0.0,0.0,1.0,7,47,1.0,0.0,0.0,0.0,0.0,0.0,superuser,R2L,warezclient
10218,41568,1,ftp,SF,1178,2447,0,1,0,0,1,0.0,0.0,0.0,0.0,1.0,255,113,0.44,0.02,0.0,0.0,0.01,0.0,superuser,R2L,warezclient
10326,41956,0,ftp_data,SF,334,0,0,1,0,0,1,0.0,0.0,0.0,0.0,1.0,5,31,1.0,0.0,0.0,0.0,0.0,0.0,technician,R2L,warezclient
10372,42147,2,ftp,SF,1225,2451,0,1,0,0,1,0.0,0.0,0.0,0.0,1.0,255,109,0.43,0.02,0.0,0.0,0.0,0.0,superuser,R2L,warezclient
10431,42341,0,ftp_data,SF,334,0,0,1,0,0,1,0.0,0.0,0.0,0.0,1.0,5,25,1.0,0.0,0.0,0.0,0.0,0.0,technician,R2L,warezclient
10432,42345,0,ftp_data,SF,334,0,0,1,0,0,2,0.0,0.0,0.0,0.0,1.0,6,40,1.0,0.0,0.0,0.0,0.0,0.0,superuser,R2L,warezclient
10482,42530,1,ftp,SF,1235,2451,0,1,0,0,1,0.0,0.0,0.0,0.0,1.0,184,12,0.07,0.03,0.01,0.0,0.01,0.0,technician,R2L,warezclient
10498,42602,0,ftp_data,SF,334,0,0,1,0,0,1,0.0,0.0,0.0,0.0,1.0,11,47,1.0,0.0,0.0,0.0,0.0,0.0,technician,R2L,warezclient
10516,42681,12,ftp_data,SF,7045,0,0,1,0,0,2,0.0,0.0,0.0,0.0,1.0,16,51,1.0,0.0,0.0,0.02,0.0,0.0,admin,R2L,warezclient
10687,43335,12,ftp_data,SF,7045,0,0,1,0,0,2,0.0,0.0,0.0,0.0,1.0,9,41,0.89,0.22,0.0,0.0,0.0,0.0,technician,R2L,warezclient
10759,43648,0,ftp_data,SF,334,0,0,1,0,0,2,0.0,0.0,0.0,0.0,1.0,6,27,1.0,0.0,0.0,0.04,0.0,0.0,technician,R2L,warezclient
10773,43699,1,ftp,SF,1237,2451,0,1,0,0,1,0.0,0.0,0.0,0.0,1.0,228,56,0.25,0.02,0.0,0.0,0.01,0.0,technician,R2L,warezclient
10784,43741,1,ftp,SF,1233,2451,0,1,0,0,1,0.0,0.0,0.0,0.0,1.0,255,138,0.54,0.02,0.0,0.0,0.0,0.0,technician,R2L,warezclient
10814,43849,60,telnet,S3,126,179,0,0,0,0,2,0.5,0.5,0.5,0.5,1.0,23,23,1.0,0.0,0.09,0.09,0.91,0.91,superuser,R2L,guess_passwd
10934,44369,0,ftp,SF,1236,2451,0,1,0,0,1,0.0,0.0,0.0,0.0,1.0,119,17,0.14,0.05,0.02,0.0,0.07,0.0,superuser,R2L,warezclient
11018,44694,1,ftp,SF,1264,2451,0,1,0,0,1,0.0,0.0,0.0,0.0,1.0,255,138,0.54,0.02,0.0,0.0,0.0,0.0,admin,R2L,warezclient
11226,45528,0,ftp_data,SF,334,0,0,1,0,0,1,0.0,0.0,0.0,0.0,1.0,5,9,1.0,0.0,0.0,0.0,0.0,0.0,technician,R2L,warezclient
11237,45562,0,ftp_data,SF,334,0,0,1,0,0,1,0.0,0.0,0.0,0.0,1.0,5,24,1.0,0.0,0.0,0.0,0.0,0.0,superuser,R2L,warezclient
11273,45696,1,ftp,SF,1225,2451,0,1,0,0,1,0.0,0.0,0.0,0.0,1.0,255,127,0.5,0.02,0.0,0.0,0.0,0.0,technician,R2L,warezclient
11305,45850,2,ftp,SF,1240,2449,0,1,0,0,1,0.0,0.0,0.0,0.0,1.0,177,5,0.03,0.03,0.01,0.0,0.01,0.0,superuser,R2L,warezclient
11364,46113,2,ftp,SF,1199,2447,0,1,0,0,1,0.0,0.0,0.0,0.0,1.0,199,27,0.14,0.03,0.01,0.0,0.01,0.0,superuser,R2L,warezclient
11396,46243,0,ftp_data,SF,334,0,0,1,0,0,1,0.0,0.0,0.0,0.0,1.0,1,23,1.0,0.0,0.0,0.0,0.0,0.0,superuser,R2L,warezclient
11445,46408,0,ftp_data,SF,334,0,0,1,0,0,1,0.0,0.0,0.0,0.0,1.0,1,32,1.0,0.0,0.0,0.0,0.0,0.0,admin,R2L,warezclient
11481,46547,192,ftp,SF,119,426,0,1,0,0,1,0.0,0.0,0.0,0.0,1.0,255,1,0.0,0.01,0.0,0.0,0.04,0.0,admin,R2L,multihop
11507,46679,1,ftp,SF,1242,2449,0,1,0,0,1,0.0,0.0,0.0,0.0,1.0,255,63,0.25,0.02,0.0,0.0,0.0,0.0,admin,R2L,warezclient
11563,46903,15160,ftp,SF,354,1191,0,1,0,0,1,0.0,0.0,0.0,0.0,1.0,255,143,0.56,0.02,0.0,0.0,0.0,0.0,admin,R2L,warezclient
11601,47054,0,ftp_data,SF,246,0,0,1,0,0,2,0.0,0.0,0.0,0.0,1.0,2,39,1.0,0.0,0.0,0.03,0.0,0.0,technician,R2L,warezclient
11614,47097,0,ftp,SF,1143,2445,0,1,0,0,1,0.0,0.0,0.0,0.0,1.0,255,48,0.19,0.02,0.03,0.0,0.0,0.0,technician,R2L,warezclient
11617,47111,0,telnet,RSTR,126,179,0,0,0,0,2,0.0,0.0,1.0,1.0,1.0,41,41,1.0,0.0,0.05,0.05,0.95,0.95,technician,R2L,guess_passwd
11623,47125,0,telnet,RSTO,126,179,0,0,0,0,1,0.0,0.0,1.0,1.0,1.0,15,15,1.0,0.0,0.07,0.07,0.93,0.93,admin,R2L,guess_passwd
11833,48013,0,ftp_data,SF,334,0,0,1,0,0,1,0.0,0.0,0.0,0.0,1.0,9,19,1.0,0.0,0.0,0.0,0.0,0.0,superuser,R2L,warezclient
11836,48028,4,ftp_data,SF,832,0,0,1,0,0,1,0.0,0.0,0.0,0.0,1.0,3,40,1.0,0.0,0.0,0.03,0.0,0.0,superuser,R2L,warezclient
11907,48264,1,ftp,SF,1251,2451,0,1,0,0,1,0.0,0.0,0.0,0.0,1.0,255,36,0.14,0.02,0.08,0.0,0.0,0.0,technician,R2L,warezclient
12011,48703,0,ftp_data,SF,334,0,0,1,0,0,1,0.0,0.0,0.0,0.0,1.0,255,51,0.2,0.03,0.0,0.0,0.0,0.0,admin,R2L,warezclient
12167,49414,5039,ftp_data,SF,5133876,0,0,1,0,0,1,0.0,0.0,0.0,0.0,1.0,4,41,1.0,0.0,0.0,0.0,0.0,0.0,admin,R2L,warezclient
12267,49830,2,ftp,SF,1230,2449,0,1,0,0,1,0.0,0.0,0.0,0.0,1.0,255,104,0.41,0.02,0.0,0.0,0.01,0.0,technician,R2L,warezclient
12302,49955,0,ftp_data,SF,334,0,0,1,0,0,2,0.0,0.0,0.0,0.0,1.0,2,13,1.0,0.0,0.0,0.0,0.0,0.0,technician,R2L,warezclient
12388,50272,0,ftp_data,SF,334,0,0,1,0,0,2,0.0,0.0,0.0,0.0,1.0,2,6,1.0,0.0,0.0,0.0,0.0,0.0,superuser,R2L,warezclient
12421,50377,0,ftp_data,SF,334,0,0,1,0,0,2,0.0,0.0,0.0,0.0,1.0,255,68,0.27,0.08,0.01,0.01,0.0,0.0,technician,R2L,warezclient
12480,50571,10125,ftp,SF,1018,2197,0,1,0,0,1,0.0,0.0,0.0,0.0,1.0,255,9,0.04,0.02,0.18,0.0,0.0,0.0,superuser,R2L,warezclient
12506,50695,0,ftp_data,SF,334,0,0,1,0,0,1,0.0,0.0,0.0,0.0,1.0,1,13,1.0,0.0,0.0,0.0,0.0,0.0,technician,R2L,warezclient
12576,50961,1,ftp,SF,1210,2449,0,1,0,0,1,0.0,0.0,0.0,0.0,1.0,255,127,0.5,0.02,0.0,0.0,0.01,0.0,admin,R2L,warezclient
12665,51366,1,ftp,SF,1212,2449,0,1,0,0,1,0.0,0.0,0.0,0.0,1.0,255,118,0.46,0.02,0.0,0.0,0.01,0.0,superuser,R2L,warezclient
12673,51401,0,ftp_data,SF,334,0,0,1,0,0,2,0.0,0.0,0.0,0.0,1.0,16,27,1.0,0.0,0.0,0.0,0.0,0.0,superuser,R2L,warezclient
12728,51574,0,telnet,RSTO,126,179,0,0,0,0,1,0.0,0.0,1.0,1.0,1.0,51,51,1.0,0.0,0.04,0.04,0.96,0.96,superuser,R2L,guess_passwd
12788,51819,5063,ftp_data,SF,5133876,0,0,1,0,0,1,0.0,0.0,0.0,0.0,1.0,4,36,1.0,0.0,0.0,0.0,0.0,0.0,admin,R2L,warezclient
12789,51821,26,ftp,SF,116,451,0,1,0,0,1,0.0,0.0,0.0,0.0,1.0,1,1,1.0,0.0,0.0,0.0,0.0,0.0,superuser,R2L,ftp_write
12795,51841,0,ftp_data,SF,246,0,0,1,0,0,1,0.0,0.0,0.0,0.0,1.0,14,41,1.0,0.0,0.0,0.0,0.0,0.0,superuser,R2L,warezclient
12831,51951,5047,ftp_data,SF,5135678,0,0,1,0,0,1,0.0,0.0,0.0,0.0,1.0,10,39,1.0,0.0,0.0,0.0,0.0,0.0,technician,R2L,warezclient
12877,52105,1,ftp,SF,1244,2451,0,1,0,0,1,0.0,0.0,0.0,0.0,1.0,235,63,0.27,0.02,0.0,0.0,0.01,0.0,technician,R2L,warezclient
12922,52268,0,ftp_data,SF,334,0,0,1,0,0,2,0.0,0.0,0.0,0.0,1.0,2,12,1.0,0.0,0.0,0.0,0.0,0.0,admin,R2L,warezclient
12988,52547,5085,ftp,SF,1019,2273,0,1,0,0,1,0.0,0.0,0.0,0.0,1.0,255,19,0.07,0.02,0.15,0.0,0.0,0.0,superuser,R2L,warezclient
13061,52879,4,ftp_data,SF,832,0,0,1,0,0,1,0.0,0.0,0.0,0.0,1.0,255,69,0.27,0.08,0.01,0.01,0.0,0.0,superuser,R2L,warezclient
13215,53531,0,ftp_data,SF,334,0,0,1,0,0,1,0.0,0.0,0.0,0.0,1.0,3,37,1.0,0.0,0.0,0.0,0.0,0.0,superuser,R2L,warezclient
13403,54326,0,ftp_data,SF,334,0,0,1,0,0,1,0.0,0.0,0.0,0.0,1.0,5,47,1.0,0.0,0.0,0.0,0.0,0.0,technician,R2L,warezclient
13407,54336,0,ftp_data,SF,334,0,0,1,0,0,2,0.0,0.0,0.0,0.0,1.0,4,8,1.0,0.0,0.0,0.0,0.0,0.0,superuser,R2L,warezclient
13476,54606,0,telnet,RSTO,126,179,0,0,0,0,2,0.0,0.0,1.0,1.0,1.0,11,11,1.0,0.0,0.09,0.09,0.91,0.91,superuser,R2L,guess_passwd
13495,54660,5044,ftp_data,SF,5131424,0,0,1,0,0,1,0.0,0.0,0.0,0.0,1.0,6,33,1.0,0.0,0.0,0.0,0.0,0.0,technician,R2L,warezclient
13571,54914,5079,ftp,SF,1077,2284,0,1,0,0,1,0.0,0.0,0.0,0.0,1.0,255,17,0.07,0.02,0.15,0.0,0.0,0.0,technician,R2L,warezclient
13593,55007,0,ftp_data,SF,334,0,0,1,0,0,1,0.0,0.0,0.0,0.0,1.0,2,2,1.0,0.0,0.0,0.0,0.0,0.0,admin,R2L,warezclient
13682,55339,0,ftp_data,SF,334,0,0,1,0,0,1,0.0,0.0,0.0,0.0,1.0,255,68,0.27,0.08,0.01,0.01,0.0,0.0,superuser,R2L,warezclient
13816,55937,1,ftp,SF,1223,2451,0,1,0,0,1,0.0,0.0,0.0,0.0,1.0,179,7,0.04,0.03,0.01,0.0,0.01,0.0,technician,R2L,warezclient
13839,56027,0,ftp_data,SF,334,0,0,1,0,0,2,0.0,0.0,0.0,0.0,1.0,8,34,1.0,0.0,0.0,0.0,0.0,0.0,admin,R2L,warezclient
13852,56070,0,ftp_data,SF,334,0,0,1,0,0,2,0.0,0.0,0.0,0.0,1.0,8,19,1.0,0.0,0.0,0.0,0.0,0.0,superuser,R2L,warezclient
13899,56279,0,ftp_data,SF,334,0,0,1,0,0,2,0.0,0.0,0.0,0.0,1.0,2,2,1.0,0.0,0.0,0.0,0.0,0.0,technician,R2L,warezclient
13908,56304,5062,ftp_data,SF,5133876,0,0,1,0,0,1,0.0,0.0,0.0,0.0,1.0,8,19,1.0,0.0,0.0,0.0,0.0,0.0,technician,R2L,warezclient
13928,56410,0,ftp_data,SF,334,0,0,1,0,0,1,0.0,0.0,0.0,0.0,1.0,9,47,1.0,0.0,0.0,0.0,0.0,0.0,superuser,R2L,warezclient
14199,57517,0,telnet,RSTO,126,179,0,0,0,0,1,0.0,0.0,1.0,1.0,1.0,49,49,1.0,0.0,0.04,0.04,0.96,0.96,admin,R2L,guess_passwd
14208,57544,10121,ftp,SF,980,2191,0,1,0,0,1,0.0,0.0,0.0,0.0,1.0,255,16,0.06,0.02,0.16,0.0,0.0,0.0,admin,R2L,warezclient
14234,57648,2,ftp,SF,1230,2449,0,1,0,0,1,0.0,0.0,0.0,0.0,1.0,255,43,0.17,0.02,0.05,0.0,0.0,0.0,superuser,R2L,warezclient
14372,58204,0,ftp_data,SF,334,0,0,1,0,0,2,0.0,0.0,0.0,0.0,1.0,6,40,1.0,0.0,0.0,0.0,0.0,0.0,admin,R2L,warezclient
14429,58412,0,ftp_data,SF,334,0,0,1,0,0,2,0.0,0.0,0.0,0.0,1.0,14,49,1.0,0.0,0.0,0.02,0.0,0.0,superuser,R2L,warezclient
14432,58417,2,ftp,SF,1222,2451,0,1,0,0,1,0.0,0.0,0.0,0.0,1.0,255,103,0.4,0.02,0.0,0.0,0.0,0.0,superuser,R2L,warezclient
14437,58443,0,ftp_data,SF,334,0,0,1,0,0,1,0.0,0.0,0.0,0.0,1.0,7,19,1.0,0.0,0.0,0.0,0.0,0.0,technician,R2L,warezclient
14564,59000,0,ftp_data,SF,613,0,0,1,0,1,1,0.0,0.0,0.0,0.0,1.0,1,84,1.0,0.0,0.0,0.0,0.0,0.0,technician,R2L,ftp_write
14574,59031,0,ftp_data,SF,334,0,0,1,0,0,2,0.0,0.0,0.0,0.0,1.0,2,28,1.0,0.0,0.0,0.0,0.0,0.0,admin,R2L,warezclient
14700,59560,0,telnet,RSTO,126,179,0,0,0,0,1,0.0,0.0,1.0,1.0,1.0,46,46,1.0,0.0,0.04,0.04,0.96,0.96,superuser,R2L,guess_passwd
14769,59824,0,ftp_data,SF,334,0,0,1,0,0,1,0.0,0.0,0.0,0.0,1.0,7,18,1.0,0.0,0.0,0.0,0.0,0.0,technician,R2L,warezclient
14796,59961,10,ftp_data,SF,0,5151154,0,0,0,0,1,0.0,0.0,0.0,0.0,1.0,16,16,1.0,0.0,0.0,0.0,0.0,0.0,admin,R2L,warezmaster
14879,60281,0,ftp_data,SF,334,0,0,1,0,0,1,0.0,0.0,0.0,0.0,1.0,5,16,1.0,0.0,0.0,0.0,0.0,0.0,technician,R2L,warezclient
15010,60818,0,telnet,RSTO,125,179,0,0,0,0,2,0.0,0.0,1.0,1.0,1.0,9,9,1.0,0.0,0.11,0.11,0.89,0.89,admin,R2L,guess_passwd
15023,60895,1,ftp,SF,1196,2447,0,1,0,0,1,0.0,0.0,0.0,0.0,1.0,255,75,0.29,0.02,0.0,0.0,0.0,0.0,technician,R2L,warezclient
15032,60939,1,ftp,SF,1222,2451,0,1,0,0,1,0.0,0.0,0.0,0.0,1.0,212,40,0.19,0.02,0.0,0.0,0.01,0.0,admin,R2L,warezclient
15041,60975,0,ftp_data,SF,334,0,0,1,0,0,2,0.0,0.0,0.0,0.0,1.0,2,23,1.0,0.0,0.0,0.0,0.0,0.0,technician,R2L,warezclient
15065,61038,0,ftp_data,SF,334,0,0,1,0,0,2,0.0,0.0,0.0,0.0,1.0,224,85,0.36,0.02,0.0,0.0,0.0,0.0,superuser,R2L,warezclient
15091,61173,2,ftp,SF,1173,2445,0,1,0,0,1,0.0,0.0,0.0,0.0,1.0,255,86,0.34,0.02,0.0,0.0,0.01,0.0,superuser,R2L,warezclient
15116,61250,0,ftp_data,SF,334,0,0,1,0,0,2,0.0,0.0,0.0,0.0,1.0,14,43,0.86,0.14,0.0,0.0,0.0,0.0,superuser,R2L,warezclient
15159,61419,0,ftp_data,SF,334,0,0,1,0,0,1,0.0,0.0,0.0,0.0,1.0,3,25,1.0,0.0,0.0,0.0,0.0,0.0,superuser,R2L,warezclient
15192,61527,1,ftp,SF,1240,2451,0,1,0,0,1,0.0,0.0,0.0,0.0,1.0,255,118,0.46,0.02,0.0,0.0,0.0,0.0,superuser,R2L,warezclient
15254,61759,0,ftp_data,SF,334,0,0,1,0,0,1,0.0,0.0,0.0,0.0,1.0,3,23,1.0,0.0,0.0,0.0,0.0,0.0,technician,R2L,warezclient
15368,62218,1,ftp,SF,1202,2449,0,1,0,0,1,0.0,0.0,0.0,0.0,1.0,255,117,0.46,0.02,0.0,0.0,0.0,0.0,admin,R2L,warezclient
15381,62254,0,ftp_data,SF,334,0,0,1,0,0,1,0.0,0.0,0.0,0.0,1.0,6,31,1.0,0.0,0.0,0.0,0.0,0.0,superuser,R2L,warezclient
15415,62395,4,ftp_data,SF,832,0,0,1,0,0,1,0.0,0.0,0.0,0.0,1.0,10,10,1.0,0.0,0.0,0.0,0.0,0.0,superuser,R2L,warezclient
15440,62476,0,ftp_data,SF,334,0,0,1,0,0,2,0.0,0.0,0.0,0.0,1.0,4,18,1.0,0.0,0.0,0.0,0.0,0.0,admin,R2L,warezclient
15456,62543,0,ftp_data,SF,334,0,0,1,0,0,1,0.0,0.0,0.0,0.0,1.0,1,12,1.0,0.0,0.0,0.0,0.0,0.0,technician,R2L,warezclient
15566,62973,0,ftp_data,SF,334,0,0,1,0,0,1,0.0,0.0,0.0,0.0,1.0,3,47,1.0,0.0,0.0,0.0,0.0,0.0,technician,R2L,warezclient
15622,63219,0,ftp_data,SF,334,0,0,1,0,0,1,0.0,0.0,0.0,0.0,1.0,7,21,1.0,0.0,0.0,0.0,0.0,0.0,technician,R2L,warezclient
15626,63232,5084,ftp,SF,1048,2279,0,1,0,0,1,0.0,0.0,0.0,0.0,1.0,255,21,0.08,0.02,0.14,0.0,0.0,0.0,superuser,R2L,warezclient
15809,63980,1,ftp,SF,1224,2449,0,1,0,0,1,0.0,0.0,0.0,0.0,1.0,255,62,0.24,0.02,0.0,0.0,0.0,0.0,superuser,R2L,warezclient
15870,64232,4,ftp,SF,1194,2449,0,1,0,0,1,0.0,0.0,0.0,0.0,1.0,233,61,0.26,0.02,0.0,0.0,0.01,0.0,superuser,R2L,warezclient
15889,64331,337,telnet,SF,237,1540,0,1,0,0,1,0.0,0.0,0.0,0.0,1.0,255,47,0.18,0.02,0.22,0.32,0.0,0.0,technician,R2L,spy
15939,64553,0,imap4,SH,0,0,0,0,0,0,1,1.0,0.58,0.0,0.03,1.0,1,1,1.0,0.0,1.0,1.0,0.0,0.0,technician,R2L,imap
16030,64913,0,ftp_data,SF,334,0,0,1,0,0,1,0.0,0.0,0.0,0.0,1.0,1,9,1.0,0.0,0.0,0.0,0.0,0.0,superuser,R2L,warezclient
16095,65165,0,ftp_data,SF,30,0,0,1,0,0,1,0.0,0.0,0.0,0.0,1.0,9,17,1.0,0.0,0.0,0.0,0.0,0.0,superuser,R2L,warezclient
16153,65396,0,ftp_data,SF,334,0,0,1,0,0,1,0.0,0.0,0.0,0.0,1.0,9,38,0.78,0.22,0.0,0.0,0.0,0.0,superuser,R2L,warezclient
16243,65810,0,ftp_data,SF,334,0,0,1,0,0,1,0.0,0.0,0.0,0.0,1.0,1,19,1.0,0.0,0.0,0.0,0.0,0.0,technician,R2L,warezclient
16283,65966,0,ftp_data,SF,334,0,0,1,0,0,2,0.0,0.0,0.0,0.0,1.0,8,34,1.0,0.0,0.0,0.0,0.0,0.0,superuser,R2L,warezclient
16550,67139,0,ftp_data,SF,334,0,0,1,0,0,1,0.0,0.0,0.0,0.0,1.0,15,49,1.0,0.0,0.0,0.0,0.0,0.0,admin,R2L,warezclient
16557,67181,12,ftp_data,SF,7045,0,0,1,0,0,1,0.0,0.0,0.0,0.0,1.0,255,69,0.27,0.08,0.01,0.01,0.0,0.0,admin,R2L,warezclient
16619,67416,0,ftp_data,SF,334,0,0,1,0,0,1,0.0,0.0,0.0,0.0,1.0,3,27,1.0,0.0,0.0,0.04,0.0,0.0,admin,R2L,warezclient
16694,67744,0,ftp_data,SF,334,0,0,1,0,0,2,0.0,0.0,0.0,0.0,1.0,4,52,1.0,0.0,0.0,0.0,0.0,0.0,technician,R2L,warezclient
16751,67936,0,ftp_data,SF,334,0,0,1,0,0,1,0.0,0.0,0.0,0.0,1.0,1,35,1.0,0.0,0.0,0.0,0.0,0.0,technician,R2L,warezclient
16757,67959,1,ftp,SF,1140,2445,0,1,0,0,1,0.0,0.0,0.0,0.0,1.0,255,116,0.45,0.02,0.0,0.0,0.01,0.0,admin,R2L,warezclient
16814,68194,0,ftp_data,SF,334,0,0,1,0,0,2,0.0,0.0,0.0,0.0,1.0,255,69,0.27,0.13,0.02,0.01,0.0,0.0,technician,R2L,warezclient
16824,68254,0,ftp_data,SF,334,0,0,1,0,0,2,0.0,0.0,0.0,0.0,1.0,11,38,1.0,0.0,0.0,0.0,0.0,0.0,admin,R2L,warezclient
16881,68458,4,ftp_data,SF,832,0,0,1,0,0,1,0.0,0.0,0.0,0.0,1.0,3,22,1.0,0.0,0.0,0.0,0.0,0.0,technician,R2L,warezclient
16948,68706,1,ftp,SF,1242,2451,0,1,0,0,1,0.0,0.0,0.0,0.0,1.0,255,89,0.35,0.02,0.0,0.0,0.0,0.0,technician,R2L,warezclient
17191,69561,0,ftp,SF,1245,2449,0,1,0,0,1,0.0,0.0,0.0,0.0,1.0,125,23,0.18,0.05,0.02,0.0,0.06,0.0,superuser,R2L,warezclient
17202,69614,0,ftp_data,SF,334,0,0,1,0,0,2,0.0,0.0,0.0,0.0,1.0,4,38,1.0,0.0,0.0,0.0,0.0,0.0,admin,R2L,warezclient
17451,70649,5061,ftp_data,SF,5133876,0,0,1,0,0,1,0.0,0.0,0.0,0.0,1.0,8,38,1.0,0.0,0.0,0.0,0.0,0.0,admin,R2L,warezclient
17499,70863,1,ftp,SF,1150,2443,0,1,0,0,1,0.0,0.0,0.0,0.0,1.0,255,28,0.11,0.02,0.11,0.0,0.0,0.0,admin,R2L,warezclient
17534,71014,0,ftp_data,SF,334,0,0,1,0,0,1,0.0,0.0,0.0,0.0,1.0,15,42,1.0,0.0,0.0,0.0,0.0,0.0,superuser,R2L,warezclient
17553,71108,0,telnet,RSTO,126,179,0,0,0,0,2,0.0,0.0,1.0,1.0,1.0,29,29,1.0,0.0,0.07,0.07,0.93,0.93,admin,R2L,guess_passwd
17558,71122,0,ftp_data,SF,334,0,0,1,0,0,2,0.0,0.0,0.0,0.0,1.0,4,16,1.0,0.0,0.0,0.0,0.0,0.0,technician,R2L,warezclient
17575,71203,2,ftp,SF,1179,2447,0,1,0,0,1,0.0,0.0,0.0,0.0,1.0,189,17,0.09,0.03,0.01,0.0,0.01,0.0,technician,R2L,warezclient
17630,71381,0,ftp_data,SF,334,0,0,1,0,0,2,0.0,0.0,0.0,0.0,1.0,7,46,1.0,0.0,0.0,0.02,0.0,0.0,admin,R2L,warezclient
17641,71417,0,ftp_data,SF,334,0,0,1,0,0,1,0.0,0.0,0.0,0.0,1.0,8,26,0.88,0.25,0.0,0.0,0.0,0.0,admin,R2L,warezclient
17661,71553,0,ftp_data,SF,334,0,0,1,0,0,1,0.0,0.0,0.0,0.0,1.0,178,57,0.19,0.06,0.01,0.04,0.0,0.0,technician,R2L,warezclient
17669,71587,0,ftp_data,SF,334,0,0,1,0,0,1,0.0,0.0,0.0,0.0,1.0,5,5,1.0,0.0,0.0,0.0,0.0,0.0,technician,R2L,warezclient
17685,71652,0,ftp_data,SF,334,0,0,1,0,0,1,0.0,0.0,0.0,0.0,1.0,1,5,1.0,0.0,0.0,0.0,0.0,0.0,superuser,R2L,warezclient
17769,71986,1,ftp,SF,1267,2451,0,1,0,0,1,0.0,0.0,0.0,0.0,1.0,110,8,0.07,0.05,0.02,0.0,0.07,0.0,superuser,R2L,warezclient
17863,72405,0,ftp_data,SF,334,0,0,1,0,0,1,0.0,0.0,0.0,0.0,1.0,12,66,0.83,0.25,0.17,0.02,0.0,0.0,superuser,R2L,warezclient
17871,72426,0,ftp_data,SF,334,0,0,1,0,0,1,0.0,0.0,0.0,0.0,1.0,3,13,1.0,0.0,0.0,0.0,0.0,0.0,superuser,R2L,warezclient
18129,73499,0,ftp_data,SF,334,0,0,1,0,0,2,0.0,0.0,0.0,0.0,1.0,2,24,1.0,0.0,0.0,0.0,0.0,0.0,admin,R2L,warezclient
18136,73513,0,ftp_data,SF,334,0,0,1,0,0,1,0.0,0.0,0.0,0.0,1.0,5,23,1.0,0.0,0.0,0.0,0.0,0.0,admin,R2L,warezclient
18200,73788,0,ftp_data,SF,334,0,0,1,0,0,1,0.0,0.0,0.0,0.0,1.0,3,13,1.0,0.0,0.0,0.0,0.0,0.0,technician,R2L,warezclient
18224,73899,0,ftp_data,SF,246,0,0,1,0,0,1,0.0,0.0,0.0,0.0,1.0,1,26,1.0,0.0,0.0,0.0,0.0,0.0,technician,R2L,warezclient
18400,74662,0,ftp_data,SF,334,0,0,1,0,0,2,0.0,0.0,0.0,0.0,1.0,7,41,1.0,0.0,0.0,0.02,0.0,0.0,superuser,R2L,warezclient
18439,74818,2,ftp,SF,1195,2447,0,1,0,0,1,0.0,0.0,0.0,0.0,1.0,255,95,0.37,0.02,0.0,0.0,0.01,0.0,admin,R2L,warezclient
18600,75421,1,ftp,SF,1212,2449,0,1,0,0,1,0.0,0.0,0.0,0.0,1.0,255,98,0.38,0.02,0.0,0.0,0.0,0.0,admin,R2L,warezclient
18604,75440,0,ftp_data,SF,334,0,0,1,0,0,1,0.0,0.0,0.0,0.0,1.0,12,39,1.0,0.0,0.0,0.0,0.0,0.0,admin,R2L,warezclient
18665,75688,1,ftp,SF,1209,2447,0,1,0,0,1,0.0,0.0,0.0,0.0,1.0,255,64,0.25,0.02,0.0,0.0,0.0,0.0,superuser,R2L,warezclient
18725,75922,1,ftp,SF,1208,2449,0,1,0,0,1,0.0,0.0,0.0,0.0,1.0,255,101,0.4,0.02,0.0,0.0,0.0,0.0,technician,R2L,warezclient
18803,76244,1,ftp,SF,1234,2451,0,1,0,0,1,0.0,0.0,0.0,0.0,1.0,255,119,0.47,0.02,0.0,0.0,0.0,0.0,admin,R2L,warezclient
18827,76369,1,ftp,SF,1241,2451,0,1,0,0,1,0.0,0.0,0.0,0.0,1.0,255,111,0.44,0.02,0.0,0.0,0.0,0.0,technician,R2L,warezclient
18846,76426,5068,ftp_data,SF,5133876,0,0,1,0,0,1,0.0,0.0,0.0,0.0,1.0,8,16,1.0,0.0,0.0,0.0,0.0,0.0,technician,R2L,warezclient
18847,76432,0,ftp_data,SF,246,0,0,1,0,0,1,0.0,0.0,0.0,0.0,1.0,5,61,1.0,0.0,0.2,0.02,0.0,0.0,technician,R2L,warezclient
18907,76663,0,ftp_data,SF,334,0,0,1,0,0,2,0.0,0.0,0.0,0.0,1.0,7,7,1.0,0.0,0.0,0.0,0.0,0.0,technician,R2L,warezclient
18967,76896,1,ftp,SF,1168,2445,0,1,0,0,1,0.0,0.0,0.0,0.0,1.0,182,10,0.05,0.03,0.01,0.0,0.01,0.0,technician,R2L,warezclient
19101,77399,1,ftp,SF,1261,2451,0,1,0,0,1,0.0,0.0,0.0,0.0,1.0,250,78,0.31,0.02,0.0,0.0,0.01,0.0,superuser,R2L,warezclient
19131,77497,0,ftp_data,SF,334,0,0,1,0,0,2,0.0,0.0,0.0,0.0,1.0,4,26,1.0,0.0,0.0,0.0,0.0,0.0,admin,R2L,warezclient
19140,77534,0,ftp_data,SF,676,0,0,0,0,0,1,0.0,0.0,0.0,0.0,1.0,1,4,1.0,0.0,0.0,0.0,0.0,0.0,admin,R2L,ftp_write
19168,77630,0,ftp_data,SF,246,0,0,1,0,0,1,0.0,0.0,0.0,0.0,1.0,1,33,1.0,0.0,0.0,0.0,0.0,0.0,superuser,R2L,warezclient
19235,77871,2,ftp,SF,1232,2451,0,1,0,0,1,0.0,0.0,0.0,0.0,1.0,255,106,0.42,0.02,0.0,0.0,0.0,0.0,technician,R2L,warezclient
19271,78000,5051,other,SF,5135678,0,0,1,0,0,1,0.0,0.0,0.0,0.0,1.0,7,1,0.14,0.29,0.0,0.0,0.0,0.0,technician,R2L,warezclient
19318,78236,5043,ftp_data,SF,5135678,0,0,1,0,0,1,0.0,0.0,0.0,0.0,1.0,5,46,1.0,0.0,0.0,0.02,0.0,0.0,superuser,R2L,warezclient
19357,78410,0,ftp_data,SF,334,0,0,1,0,0,2,0.0,0.0,0.0,0.0,1.0,6,6,1.0,0.0,0.0,0.0,0.0,0.0,technician,R2L,warezclient
19375,78479,0,ftp_data,SF,334,0,0,1,0,0,1,0.0,0.0,0.0,0.0,1.0,1,11,1.0,0.0,0.0,0.0,0.0,0.0,superuser,R2L,warezclient
19493,79009,1,ftp,SF,1235,2451,0,1,0,0,1,0.0,0.0,0.0,0.0,1.0,255,115,0.45,0.02,0.0,0.0,0.01,0.0,technician,R2L,warezclient
19497,79027,0,ftp_data,SF,334,0,0,1,0,0,1,0.0,0.0,0.0,0.0,1.0,3,46,1.0,0.0,0.0,0.0,0.0,0.0,technician,R2L,warezclient
19498,79035,1,ftp,SF,1194,2449,0,1,0,0,1,0.0,0.0,0.0,0.0,1.0,113,11,0.1,0.05,0.02,0.0,0.07,0.0,technician,R2L,warezclient
19522,79129,0,telnet,RSTO,126,179,0,0,0,0,1,0.0,0.0,1.0,1.0,1.0,39,39,1.0,0.0,0.05,0.05,0.95,0.95,admin,R2L,guess_passwd
19625,79530,9,ftp_data,SF,0,5150938,0,0,0,0,1,0.0,0.0,0.0,0.0,1.0,15,15,1.0,0.0,0.0,0.0,0.0,0.0,technician,R2L,warezmaster
19664,79680,0,ftp_data,SF,334,0,0,1,0,0,2,0.0,0.0,0.0,0.0,1.0,6,18,1.0,0.0,0.0,0.0,0.0,0.0,technician,R2L,warezclient
19779,80195,0,ftp_data,SF,334,0,0,1,0,0,2,0.0,0.0,0.0,0.0,1.0,2,32,1.0,0.0,0.0,0.0,0.0,0.0,technician,R2L,warezclient
19900,80716,0,ftp_data,SF,334,0,0,1,0,0,1,0.0,0.0,0.0,0.0,1.0,1,27,1.0,0.0,0.0,0.0,0.0,0.0,technician,R2L,warezclient
19905,80740,0,ftp_data,SF,334,0,0,1,0,0,2,0.0,0.0,0.0,0.0,1.0,179,58,0.19,0.06,0.01,0.03,0.0,0.0,superuser,R2L,warezclient
19982,81076,0,ftp_data,SF,334,0,0,1,0,0,1,0.0,0.0,0.0,0.0,1.0,7,34,1.0,0.0,0.0,0.0,0.0,0.0,technician,R2L,warezclient
19986,81087,12,ftp_data,SF,7045,0,0,1,0,0,1,0.0,0.0,0.0,0.0,1.0,1,9,1.0,0.0,0.0,0.0,0.0,0.0,superuser,R2L,warezclient
20136,81739,0,ftp_data,SF,334,0,0,1,0,0,2,0.0,0.0,0.0,0.0,1.0,9,34,1.0,0.0,0.0,0.0,0.0,0.0,superuser,R2L,warezclient
20246,82185,12,ftp_data,SF,7045,0,0,1,0,0,1,0.0,0.0,0.0,0.0,1.0,8,8,1.0,0.0,0.0,0.0,0.0,0.0,superuser,R2L,warezclient
20276,82302,1,ftp,SF,1238,2449,0,1,0,0,1,0.0,0.0,0.0,0.0,1.0,255,99,0.39,0.02,0.0,0.0,0.01,0.0,superuser,R2L,warezclient
20373,82617,12,ftp_data,SF,7045,0,0,1,0,0,2,0.0,0.0,0.0,0.0,1.0,2,36,1.0,0.0,0.0,0.03,0.0,0.0,technician,R2L,warezclient
20579,83488,0,ftp,SF,1268,2451,0,1,0,0,1,0.0,0.0,0.0,0.0,1.0,174,2,0.01,0.03,0.01,0.0,0.01,0.0,technician,R2L,warezclient
20580,83489,4,ftp_data,SF,832,0,0,1,0,0,1,0.0,0.0,0.0,0.0,1.0,3,37,1.0,0.0,0.0,0.03,0.0,0.0,superuser,R2L,warezclient
20611,83602,0,imap4,SH,0,0,0,0,0,0,2,1.0,0.58,0.0,0.03,1.0,2,2,1.0,0.0,1.0,1.0,0.0,0.0,technician,R2L,imap
20650,83805,0,other,SF,30,0,0,1,0,0,1,0.0,0.0,0.0,0.0,1.0,11,1,0.09,0.27,0.18,0.0,0.0,0.0,superuser,R2L,warezclient
20678,83924,0,ftp_data,SF,334,0,0,1,0,0,1,0.0,0.0,0.0,0.0,1.0,1,7,1.0,0.0,0.0,0.0,0.0,0.0,admin,R2L,warezclient
20735,84151,4,ftp_data,SF,832,0,0,1,0,0,1,0.0,0.0,0.0,0.0,1.0,3,46,1.0,0.0,0.0,0.02,0.0,0.0,technician,R2L,warezclient
20868,84733,0,ftp_data,SF,334,0,0,1,0,0,2,0.0,0.0,0.0,0.0,1.0,222,83,0.36,0.02,0.0,0.0,0.0,0.0,technician,R2L,warezclient
20888,84813,1,ftp,SF,1228,2451,0,1,0,0,1,0.0,0.0,0.0,0.0,1.0,115,13,0.11,0.05,0.02,0.0,0.07,0.0,superuser,R2L,warezclient
21053,85544,0,ftp_data,SF,334,0,0,1,0,0,2,0.0,0.0,0.0,0.0,1.0,8,49,1.0,0.0,0.0,0.0,0.0,0.0,technician,R2L,warezclient
21244,86287,5051,ftp_data,SF,5135678,0,0,1,0,0,1,0.0,0.0,0.0,0.0,1.0,1,34,1.0,0.0,0.0,0.0,0.0,0.0,admin,R2L,warezclient
21253,86350,5057,ftp_data,SF,5133876,0,0,1,0,0,1,0.0,0.0,0.0,0.0,1.0,4,15,1.0,0.0,0.0,0.0,0.0,0.0,admin,R2L,warezclient
21403,86894,2,ftp,SF,1241,2451,0,1,0,0,1,0.0,0.0,0.0,0.0,1.0,255,112,0.44,0.02,0.0,0.0,0.0,0.0,superuser,R2L,warezclient
21409,86928,0,ftp,SF,1245,2451,0,1,0,0,1,0.0,0.0,0.0,0.0,1.0,217,45,0.21,0.02,0.0,0.0,0.01,0.0,admin,R2L,warezclient
21419,86982,10128,ftp,SF,979,2187,0,1,0,0,1,0.0,0.0,0.0,0.0,1.0,255,8,0.03,0.02,0.19,0.0,0.0,0.0,technician,R2L,warezclient
21446,87093,2,ftp,SF,1239,2449,0,1,0,0,1,0.0,0.0,0.0,0.0,1.0,203,31,0.15,0.02,0.0,0.0,0.01,0.0,technician,R2L,warezclient
21479,87195,0,telnet,RSTO,126,179,0,0,0,0,1,0.0,0.0,1.0,1.0,1.0,24,24,1.0,0.0,0.08,0.08,0.92,0.92,admin,R2L,guess_passwd
21501,87294,0,ftp_data,SF,334,0,0,1,0,0,1,0.0,0.0,0.0,0.0,1.0,1,29,1.0,0.0,0.0,0.0,0.0,0.0,admin,R2L,warezclient
21510,87344,0,ftp_data,SF,246,0,0,1,0,0,2,0.0,0.0,0.0,0.0,1.0,255,63,0.25,0.13,0.02,0.02,0.0,0.0,superuser,R2L,warezclient
21544,87494,0,ftp_data,SF,334,0,0,1,0,0,1,0.0,0.0,0.0,0.0,1.0,6,6,1.0,0.0,0.0,0.0,0.0,0.0,superuser,R2L,warezclient
21602,87732,0,ftp_data,SF,334,0,0,1,0,0,2,0.0,0.0,0.0,0.0,1.0,9,64,0.89,0.22,0.22,0.02,0.0,0.0,technician,R2L,warezclient
21605,87741,2,ftp,SF,1176,2445,0,1,0,0,1,0.0,0.0,0.0,0.0,1.0,255,84,0.33,0.02,0.0,0.0,0.0,0.0,superuser,R2L,warezclient
21723,88216,0,ftp_data,SF,334,0,0,1,0,0,1,0.0,0.0,0.0,0.0,1.0,7,27,1.0,0.0,0.0,0.0,0.0,0.0,superuser,R2L,warezclient
21788,88488,2,ftp,SF,1244,2449,0,1,0,0,1,0.0,0.0,0.0,0.0,1.0,255,96,0.38,0.02,0.0,0.0,0.01,0.0,technician,R2L,warezclient
21840,88688,2,ftp,SF,1239,2449,0,1,0,0,1,0.0,0.0,0.0,0.0,1.0,255,83,0.33,0.02,0.0,0.0,0.0,0.0,technician,R2L,warezclient
22008,89329,0,ftp_data,SF,334,0,0,1,0,0,2,0.0,0.0,0.0,0.0,1.0,4,39,1.0,0.0,0.0,0.0,0.0,0.0,superuser,R2L,warezclient
22035,89422,0,ftp,SF,1143,2445,0,1,0,0,1,0.0,0.0,0.0,0.0,1.0,255,128,0.5,0.02,0.0,0.0,0.01,0.0,technician,R2L,warezclient
22068,89555,1,ftp,SF,1222,2449,0,1,0,0,1,0.0,0.0,0.0,0.0,1.0,255,37,0.15,0.02,0.07,0.0,0.0,0.0,technician,R2L,warezclient
22194,90130,1,ftp,SF,1151,2445,0,1,0,0,1,0.0,0.0,0.0,0.0,1.0,112,10,0.09,0.05,0.02,0.0,0.07,0.0,admin,R2L,warezclient
22199,90155,0,ftp_data,SF,334,0,0,1,0,0,1,0.0,0.0,0.0,0.0,1.0,25,1,0.04,0.08,0.0,0.0,0.0,0.0,admin,R2L,warezclient
22245,90351,12,ftp_data,SF,7045,0,0,1,0,0,2,0.0,0.0,0.0,0.0,1.0,5,45,1.0,0.0,0.0,0.0,0.2,0.02,admin,R2L,warezclient
22343,90778,67,login,SF,157,2703,0,1,0,0,1,0.0,0.0,0.0,0.0,1.0,2,1,0.5,1.0,0.0,0.0,0.0,0.0,superuser,R2L,ftp_write
22369,90880,2,ftp,SF,1262,2453,0,1,0,0,1,0.0,0.0,0.0,0.0,1.0,186,14,0.08,0.03,0.01,0.0,0.01,0.0,superuser,R2L,warezclient
22379,90910,2,ftp,SF,1215,2449,0,1,0,0,1,0.0,0.0,0.0,0.0,1.0,227,55,0.24,0.02,0.0,0.0,0.01,0.0,superuser,R2L,warezclient
22681,92118,10,ftp_data,SF,0,5150790,0,0,0,0,1,0.0,0.0,0.0,0.0,1.0,11,11,1.0,0.0,0.0,0.0,0.0,0.0,superuser,R2L,warezmaster
22689,92153,15163,ftp,SF,367,1202,0,1,0,0,1,0.0,0.0,0.0,0.0,1.0,255,4,0.02,0.02,0.2,0.0,0.0,0.0,admin,R2L,warezclient
22743,92393,0,ftp_data,SF,334,0,0,1,0,0,2,0.0,0.0,0.0,0.0,1.0,2,55,1.0,0.0,0.0,0.02,0.0,0.0,admin,R2L,warezclient
22748,92404,10125,ftp,SF,1012,2201,0,1,0,0,1,0.0,0.0,0.0,0.0,1.0,255,14,0.05,0.02,0.16,0.0,0.0,0.0,superuser,R2L,warezclient
22751,92410,0,ftp_data,SF,334,0,0,1,0,0,1,0.0,0.0,0.0,0.0,1.0,7,49,1.0,0.0,0.0,0.0,0.0,0.0,superuser,R2L,warezclient
22787,92535,0,ftp_data,SF,334,0,0,1,0,0,1,0.0,0.0,0.0,0.0,1.0,1,35,1.0,0.0,0.0,0.0,0.0,0.0,superuser,R2L,warezclient
22904,93011,0,ftp_data,SF,334,0,0,1,0,0,1,0.0,0.0,0.0,0.0,1.0,3,25,1.0,0.0,0.0,0.0,0.0,0.0,technician,R2L,warezclient
22942,93176,0,ftp_data,SF,334,0,0,1,0,0,2,0.0,0.0,0.0,0.0,1.0,8,38,0.75,0.25,0.0,0.0,0.0,0.0,admin,R2L,warezclient
22984,93415,5062,ftp_data,SF,5133876,0,0,1,0,0,1,0.0,0.0,0.0,0.0,1.0,4,23,1.0,0.0,0.0,0.0,0.0,0.0,superuser,R2L,warezclient
22995,93461,0,ftp_data,SF,334,0,0,1,0,0,2,0.0,0.0,0.0,0.0,1.0,10,18,1.0,0.0,0.0,0.0,0.0,0.0,superuser,R2L,warezclient
23011,93520,2,ftp,SF,1226,2451,0,1,0,0,1,0.0,0.0,0.0,0.0,1.0,255,83,0.33,0.02,0.0,0.0,0.01,0.0,technician,R2L,warezclient
23064,93725,0,ftp_data,SF,246,0,0,1,0,0,1,0.0,0.0,0.0,0.0,1.0,1,38,1.0,0.0,0.0,0.0,0.0,0.0,superuser,R2L,warezclient
23143,94038,0,ftp_data,SF,334,0,0,1,0,0,2,0.0,0.0,0.0,0.0,1.0,4,8,1.0,0.0,0.0,0.0,0.0,0.0,superuser,R2L,warezclient
23175,94182,0,ftp_data,SF,334,0,0,1,0,0,1,0.0,0.0,0.0,0.0,1.0,12,24,1.0,0.0,0.0,0.0,0.0,0.0,superuser,R2L,warezclient
23200,94287,5064,ftp_data,SF,5133876,0,0,1,0,0,1,0.0,0.0,0.0,0.0,1.0,5,32,1.0,0.0,0.0,0.0,0.0,0.0,superuser,R2L,warezclient
23376,95017,0,ftp_data,SF,334,0,0,1,0,0,2,0.0,0.0,0.0,0.0,1.0,9,27,0.89,0.22,0.0,0.0,0.0,0.0,superuser,R2L,warezclient
23525,95646,0,ftp_data,SF,334,0,0,1,0,0,1,0.0,0.0,0.0,0.0,1.0,255,83,0.33,0.07,0.02,0.05,0.0,0.0,admin,R2L,warezclient
23538,95695,0,ftp_data,SF,246,0,0,1,0,0,1,0.0,0.0,0.0,0.0,1.0,1,13,1.0,0.0,0.0,0.0,0.0,0.0,admin,R2L,warezclient
23595,95918,1,ftp,SF,1180,2447,0,1,0,0,1,0.0,0.0,0.0,0.0,1.0,255,47,0.18,0.02,0.04,0.0,0.0,0.0,superuser,R2L,warezclient
23672,96227,1,ftp,SF,1196,2449,0,1,0,0,1,0.0,0.0,0.0,0.0,1.0,255,93,0.36,0.02,0.0,0.0,0.0,0.0,superuser,R2L,warezclient
23722,96455,2,ftp,SF,1229,2449,0,1,0,0,1,0.0,0.0,0.0,0.0,1.0,244,72,0.3,0.02,0.0,0.0,0.01,0.0,technician,R2L,warezclient
23811,96797,0,ftp_data,SF,0,7181,0,0,0,0,1,0.0,0.0,0.0,0.0,1.0,1,1,1.0,0.0,0.0,0.0,0.0,0.0,admin,R2L,warezmaster
23837,96884,0,ftp,SF,1233,2449,0,1,0,0,1,0.0,0.0,0.0,0.0,1.0,255,98,0.38,0.02,0.0,0.0,0.01,0.0,superuser,R2L,warezclient
23863,96976,0,ftp_data,SF,334,0,0,1,0,0,1,0.0,0.0,0.0,0.0,1.0,8,20,1.0,0.0,0.0,0.0,0.0,0.0,admin,R2L,warezclient
23870,96999,12,ftp_data,SF,7045,0,0,1,0,0,1,0.0,0.0,0.0,0.0,1.0,1,20,1.0,0.0,0.0,0.0,0.0,0.0,technician,R2L,warezclient
23875,97034,0,ftp,SF,1227,2451,0,1,0,0,1,0.0,0.0,0.0,0.0,1.0,197,25,0.13,0.03,0.01,0.0,0.01,0.0,admin,R2L,warezclient
24087,97962,0,ftp_data,SF,246,0,0,1,0,0,1,0.0,0.0,0.0,0.0,1.0,1,36,1.0,0.0,0.0,0.03,0.0,0.0,admin,R2L,warezclient
24172,98346,0,ftp_data,SF,334,0,0,1,0,0,2,0.0,0.0,0.0,0.0,1.0,8,18,1.0,0.0,0.0,0.0,0.0,0.0,superuser,R2L,warezclient
24241,98655,0,ftp_data,SF,334,0,0,1,0,0,2,0.0,0.0,0.0,0.0,1.0,4,12,1.0,0.0,0.0,0.0,0.0,0.0,technician,R2L,warezclient
24257,98729,1,ftp,SF,1226,2451,0,1,0,0,1,0.0,0.0,0.0,0.0,1.0,255,131,0.51,0.02,0.0,0.0,0.0,0.0,technician,R2L,warezclient
24414,99378,12,ftp_data,SF,7045,0,0,1,0,0,2,0.0,0.0,0.0,0.0,1.0,3,36,1.0,0.0,0.0,0.0,0.0,0.0,superuser,R2L,warezclient
24417,99384,0,ftp_data,SF,334,0,0,1,0,0,1,0.0,0.0,0.0,0.0,1.0,255,84,0.33,0.07,0.01,0.04,0.0,0.0,superuser,R2L,warezclient
24460,99526,10134,ftp,SF,1024,2201,0,1,0,0,1,0.0,0.0,0.0,0.0,1.0,255,13,0.05,0.02,0.17,0.0,0.0,0.0,superuser,R2L,warezclient
24463,99532,4,ftp,SF,1239,2451,0,1,0,0,1,0.0,0.0,0.0,0.0,1.0,187,15,0.08,0.03,0.01,0.0,0.01,0.0,technician,R2L,warezclient
24469,99559,0,ftp_data,SF,334,0,0,1,0,0,1,0.0,0.0,0.0,0.0,1.0,1,13,1.0,0.0,0.0,0.0,0.0,0.0,superuser,R2L,warezclient
24485,99631,0,ftp_data,SF,334,0,0,1,0,0,1,0.0,0.0,0.0,0.0,1.0,1,11,1.0,0.0,0.0,0.0,0.0,0.0,superuser,R2L,warezclient
24572,99945,0,ftp_data,SF,334,0,0,1,0,0,2,0.0,0.0,0.0,0.0,1.0,2,12,1.0,0.0,0.0,0.0,0.0,0.0,superuser,R2L,warezclient
24574,99957,1,ftp,SF,1243,2451,0,1,0,0,1,0.0,0.0,0.0,0.0,1.0,255,35,0.14,0.02,0.08,0.0,0.0,0.0,technician,R2L,warezclient
24575,99963,1,ftp,SF,1232,2451,0,1,0,0,1,0.0,0.0,0.0,0.0,1.0,118,16,0.14,0.05,0.02,0.0,0.07,0.0,superuser,R2L,warezclient
24653,100288,15149,ftp,SF,360,1198,0,1,0,0,1,0.0,0.0,0.0,0.0,1.0,255,76,0.3,0.02,0.0,0.0,0.0,0.0,superuser,R2L,warezclient
24655,100297,5039,ftp_data,SF,5131424,0,0,1,0,0,2,0.0,0.0,0.0,0.0,0.5,255,67,0.26,0.13,0.02,0.01,0.0,0.0,superuser,R2L,warezclient
24871,101248,0,ftp_data,SF,334,0,0,1,0,0,1,0.0,0.0,0.0,0.0,1.0,6,46,1.0,0.0,0.0,0.02,0.0,0.0,superuser,R2L,warezclient
24882,101283,5055,ftp_data,SF,5135678,0,0,1,0,0,1,0.0,0.0,0.0,0.0,1.0,2,42,1.0,0.0,0.0,0.0,0.0,0.0,technician,R2L,warezclient
24894,101346,23,telnet,SF,104,276,0,0,0,0,1,0.0,0.0,0.0,0.0,1.0,1,2,1.0,0.0,0.0,0.0,0.0,0.0,technician,R2L,guess_passwd
24962,101572,0,ftp_data,SF,334,0,0,1,0,0,1,0.0,0.0,0.0,0.0,1.0,6,43,1.0,0.0,0.0,0.02,0.0,0.0,technician,R2L,warezclient
24996,101703,4,ftp_data,SF,832,0,0,1,0,0,1,0.0,0.0,0.0,0.0,1.0,3,59,1.0,0.0,0.33,0.02,0.0,0.0,admin,R2L,warezclient
25054,101910,5081,ftp,SF,1042,2279,0,1,0,0,1,0.0,0.0,0.0,0.0,1.0,255,20,0.08,0.02,0.14,0.0,0.0,0.0,technician,R2L,warezclient
25091,102044,0,ftp_data,SF,334,0,0,1,0,0,1,0.0,0.0,0.0,0.0,1.0,3,7,1.0,0.0,0.0,0.0,0.0,0.0,superuser,R2L,warezclient
25109,102107,1,ftp_data,SF,0,988002,0,0,0,0,1,0.0,0.0,0.0,0.0,1.0,3,3,1.0,0.0,0.0,0.0,0.0,0.0,admin,R2L,multihop
25154,102282,10132,ftp,SF,1023,2197,0,1,0,0,1,0.0,0.0,0.0,0.0,1.0,255,10,0.04,0.02,0.18,0.0,0.0,0.0,technician,R2L,warezclient
25170,102358,1,ftp,SF,1215,2449,0,1,0,0,1,0.0,0.0,0.0,0.0,1.0,255,115,0.45,0.02,0.0,0.0,0.0,0.0,technician,R2L,warezclient
25204,102484,0,ftp_data,SF,334,0,0,1,0,0,2,0.0,0.0,0.0,0.0,1.0,8,47,1.0,0.0,0.0,0.0,0.0,0.0,admin,R2L,warezclient
25293,102843,0,ftp,SF,1255,2451,0,1,0,0,1,0.0,0.0,0.0,0.0,1.0,255,129,0.51,0.02,0.0,0.0,0.0,0.0,admin,R2L,warezclient
25415,103302,0,ftp,SF,1232,2451,0,1,0,0,1,0.0,0.0,0.0,0.0,1.0,255,122,0.48,0.02,0.0,0.0,0.0,0.0,technician,R2L,warezclient
25500,103680,0,ftp_data,SF,334,0,0,1,0,0,2,0.0,0.0,0.0,0.0,1.0,4,45,1.0,0.0,0.0,0.0,0.0,0.0,admin,R2L,warezclient
25522,103765,0,imap4,SF,0,0,0,0,0,0,4,0.5,0.58,0.0,0.03,1.0,4,4,1.0,0.0,0.5,0.5,0.0,0.0,superuser,R2L,imap
25523,103768,0,ftp_data,SF,334,0,0,1,0,0,2,0.0,0.0,0.0,0.0,1.0,2,9,1.0,0.0,0.0,0.0,0.0,0.11,admin,R2L,warezclient
25677,104421,0,ftp_data,SF,334,0,0,1,0,0,2,0.0,0.0,0.0,0.0,1.0,2,15,1.0,0.0,0.0,0.0,0.0,0.0,superuser,R2L,warezclient
25704,104507,0,ftp_data,SF,246,0,0,1,0,0,1,0.0,0.0,0.0,0.0,1.0,6,33,1.0,0.0,0.0,0.0,0.0,0.0,technician,R2L,warezclient
25732,104594,0,ftp_data,SF,334,0,0,1,0,0,1,0.0,0.0,0.0,0.0,1.0,13,42,0.85,0.15,0.0,0.0,0.0,0.0,technician,R2L,warezclient
25762,104685,0,telnet,RSTO,126,179,0,0,0,0,1,0.0,0.0,1.0,1.0,1.0,33,33,1.0,0.0,0.06,0.06,0.94,0.94,technician,R2L,guess_passwd
25814,104915,0,ftp_data,SF,0,848,0,0,0,0,2,0.0,0.0,0.0,0.0,1.0,2,2,1.0,0.0,0.0,0.0,0.0,0.0,superuser,R2L,warezmaster
25917,105358,0,ftp,SF,1287,2453,0,1,0,0,1,0.0,0.0,0.0,0.0,1.0,255,65,0.25,0.02,0.0,0.0,0.0,0.0,superuser,R2L,warezclient
25974,105579,1,ftp,SF,1245,2451,0,1,0,0,1,0.0,0.0,0.0,0.0,1.0,216,44,0.2,0.02,0.0,0.0,0.01,0.0,superuser,R2L,warezclient
26138,106219,0,ftp_data,SF,334,0,0,1,0,0,1,0.0,0.0,0.0,0.0,1.0,250,100,0.4,0.02,0.0,0.0,0.0,0.0,superuser,R2L,warezclient
26153,106285,5049,ftp_data,SF,5135678,0,0,1,0,0,1,0.0,0.0,0.0,0.0,1.0,6,41,1.0,0.0,0.0,0.02,0.0,0.0,technician,R2L,warezclient
26175,106378,0,ftp_data,SF,334,0,0,1,0,0,2,0.0,0.0,0.0,0.0,1.0,2,5,1.0,0.0,0.0,0.0,0.0,0.0,admin,R2L,warezclient
26283,106833,0,ftp,SF,1237,2449,0,1,0,0,1,0.0,0.0,0.0,0.0,1.0,255,85,0.33,0.02,0.0,0.0,0.0,0.0,admin,R2L,warezclient
26329,107003,0,ftp_data,SF,334,0,0,1,0,0,1,0.0,0.0,0.0,0.0,1.0,1,41,1.0,0.0,0.0,0.0,0.0,0.0,admin,R2L,warezclient
26331,107011,0,ftp_data,SF,334,0,0,1,0,0,2,0.0,0.0,0.0,0.0,1.0,255,83,0.33,0.07,0.01,0.04,0.0,0.0,technician,R2L,warezclient
26346,107063,1,ftp,SF,1256,2451,0,1,0,0,1,0.0,0.0,0.0,0.0,1.0,240,68,0.28,0.02,0.0,0.0,0.01,0.0,admin,R2L,warezclient
26382,107207,0,ftp,SF,1221,2449,0,1,0,0,1,0.0,0.0,0.0,0.0,1.0,221,49,0.22,0.02,0.0,0.0,0.01,0.0,superuser,R2L,warezclient
26492,107641,0,ftp_data,SF,334,0,0,1,0,0,2,0.0,0.0,0.0,0.0,1.0,6,17,1.0,0.0,0.0,0.0,0.0,0.0,admin,R2L,warezclient
26499,107681,0,ftp_data,SF,334,0,0,1,0,0,1,0.0,0.0,0.0,0.0,1.0,1,15,1.0,0.0,0.0,0.0,0.0,0.0,admin,R2L,warezclient
26804,108825,0,ftp,SF,1235,2451,0,1,0,0,2,0.0,0.0,0.0,0.0,0.5,183,11,0.06,0.03,0.01,0.0,0.01,0.0,technician,R2L,warezclient
26805,108841,5051,ftp_data,SF,5135678,0,0,1,0,0,1,0.0,0.0,0.0,0.0,1.0,7,34,1.0,0.0,0.0,0.0,0.0,0.0,technician,R2L,warezclient
26828,108921,12,ftp_data,SF,7045,0,0,1,0,0,2,0.0,0.0,0.0,0.0,1.0,6,14,1.0,0.0,0.0,0.0,0.0,0.0,admin,R2L,warezclient
26851,109026,0,ftp_data,SF,246,0,0,1,0,0,2,0.0,0.0,0.0,0.0,1.0,6,36,1.0,0.0,0.0,0.0,0.0,0.0,superuser,R2L,warezclient
26976,109501,0,telnet,RSTO,126,179,0,0,0,0,1,0.0,0.0,1.0,1.0,1.0,30,30,1.0,0.0,0.07,0.07,0.93,0.93,admin,R2L,guess_passwd
26987,109553,6,ftp,SF,1229,2451,0,1,0,0,1,0.0,0.0,0.0,0.0,1.0,190,18,0.09,0.03,0.01,0.0,0.01,0.0,admin,R2L,warezclient
27138,110158,10,ftp_data,SF,0,5155468,0,0,0,0,1,0.0,0.0,0.0,0.0,1.0,4,4,1.0,0.0,0.0,0.0,0.0,0.0,superuser,R2L,warezmaster
27230,110542,4,ftp_data,SF,832,0,0,1,0,0,1,0.0,0.0,0.0,0.0,1.0,3,38,1.0,0.0,0.0,0.03,0.0,0.0,technician,R2L,warezclient
27254,110639,0,ftp,SF,1174,2447,0,1,0,0,1,0.0,0.0,0.0,0.0,1.0,255,102,0.4,0.02,0.0,0.0,0.01,0.0,superuser,R2L,warezclient
27262,110677,1,ftp,SF,1211,2449,0,1,0,0,1,0.0,0.0,0.0,0.0,1.0,229,57,0.25,0.02,0.0,0.0,0.01,0.0,superuser,R2L,warezclient
27375,111122,0,ftp_data,SF,334,0,0,1,0,0,1,0.0,0.0,0.0,0.0,1.0,1,1,1.0,0.0,0.0,0.0,0.0,0.0,technician,R2L,warezclient
27465,111488,0,ftp_data,SF,334,0,0,1,0,0,2,0.0,0.0,0.0,0.0,1.0,2,5,1.0,0.0,0.0,0.0,0.0,0.0,superuser,R2L,warezclient
27528,111764,0,ftp_data,SF,334,0,0,1,0,0,1,0.0,0.0,0.0,0.0,1.0,5,53,1.0,0.0,0.0,0.0,0.0,0.0,admin,R2L,warezclient
27554,111840,0,ftp_data,SF,334,0,0,1,0,0,1,0.0,0.0,0.0,0.0,1.0,10,37,1.0,0.0,0.0,0.0,0.0,0.0,technician,R2L,warezclient
27614,112092,0,ftp,SF,1249,2451,0,1,0,0,1,0.0,0.0,0.0,0.0,1.0,255,104,0.41,0.02,0.0,0.0,0.0,0.0,technician,R2L,warezclient
27641,112197,1,ftp,SF,1222,2451,0,1,0,0,1,0.0,0.0,0.0,0.0,1.0,255,124,0.49,0.02,0.0,0.0,0.0,0.0,admin,R2L,warezclient
27654,112273,1,ftp,SF,1238,2449,0,1,0,0,1,0.0,0.0,0.0,0.0,1.0,251,79,0.31,0.02,0.0,0.0,0.01,0.0,admin,R2L,warezclient
27765,112769,1,ftp,SF,1266,2451,0,1,0,0,1,0.0,0.0,0.0,0.0,1.0,124,22,0.18,0.05,0.02,0.0,0.06,0.0,technician,R2L,warezclient
27796,112888,0,ftp_data,SF,334,0,0,1,0,0,1,0.0,0.0,0.0,0.0,1.0,5,19,1.0,0.0,0.0,0.0,0.0,0.0,admin,R2L,warezclient
27810,112972,0,ftp_data,SF,246,0,0,1,0,0,2,0.0,0.0,0.0,0.0,1.0,7,32,1.0,0.0,0.0,0.03,0.0,0.0,superuser,R2L,warezclient
27842,113079,0,ftp_data,SF,334,0,0,1,0,0,2,0.0,0.0,0.0,0.0,1.0,12,23,1.0,0.0,0.0,0.0,0.0,0.0,superuser,R2L,warezclient
28013,113817,0,telnet,RSTO,126,179,0,0,0,0,1,0.0,0.0,1.0,1.0,1.0,34,34,1.0,0.0,0.06,0.06,0.94,0.94,superuser,R2L,guess_passwd
28046,113929,4,ftp_data,SF,832,0,0,1,0,0,1,0.0,0.0,0.0,0.0,1.0,4,31,1.0,0.0,0.0,0.0,0.0,0.0,superuser,R2L,warezclient
28086,114079,1,ftp,SF,1227,2451,0,1,0,0,1,0.0,0.0,0.0,0.0,1.0,255,113,0.44,0.02,0.0,0.0,0.0,0.0,admin,R2L,warezclient
28172,114433,1,ftp,SF,1248,2449,0,1,0,0,1,0.0,0.0,0.0,0.0,1.0,241,69,0.29,0.02,0.0,0.0,0.01,0.0,admin,R2L,warezclient
28183,114464,0,ftp_data,SF,334,0,0,1,0,0,2,0.0,0.0,0.0,0.0,1.0,4,27,1.0,0.0,0.0,0.04,0.0,0.0,superuser,R2L,warezclient
28221,114641,12,ftp_data,SF,7045,0,0,1,0,0,2,0.0,0.0,0.0,0.0,1.0,2,39,1.0,0.0,0.0,0.0,0.0,0.0,admin,R2L,warezclient
28268,114821,0,telnet,RSTO,126,179,0,0,0,0,1,0.0,0.0,1.0,1.0,1.0,44,44,1.0,0.0,0.05,0.05,0.95,0.95,admin,R2L,guess_passwd
28285,114900,1,ftp,SF,1199,2449,0,1,0,0,1,0.0,0.0,0.0,0.0,1.0,255,45,0.18,0.02,0.04,0.0,0.0,0.0,admin,R2L,warezclient
28310,114997,9,ftp_data,SF,0,5153460,0,0,0,0,3,0.0,0.0,0.0,0.0,1.0,3,3,1.0,0.0,0.0,0.0,0.0,0.0,admin,R2L,warezmaster
28329,115095,2,ftp,SF,1209,2449,0,1,0,0,1,0.0,0.0,0.0,0.0,1.0,209,37,0.18,0.02,0.0,0.0,0.01,0.0,technician,R2L,warezclient
28361,115209,5051,ftp_data,SF,5135678,0,0,1,0,0,1,0.0,0.0,0.0,0.0,1.0,255,66,0.26,0.13,0.02,0.02,0.0,0.0,superuser,R2L,warezclient
28451,115611,0,ftp_data,SF,246,0,0,1,0,0,2,0.0,0.0,0.0,0.0,1.0,2,21,1.0,0.0,0.0,0.0,0.0,0.0,technician,R2L,warezclient
28569,116033,5064,ftp_data,SF,5133876,0,0,1,0,0,1,0.0,0.0,0.0,0.0,1.0,4,46,1.0,0.0,0.0,0.02,0.0,0.0,superuser,R2L,warezclient
28585,116093,0,ftp,SF,1232,2451,0,1,0,0,1,0.0,0.0,0.0,0.0,1.0,220,48,0.22,0.02,0.0,0.0,0.01,0.0,technician,R2L,warezclient
28595,116124,0,ftp_data,SF,334,0,0,1,0,0,2,0.0,0.0,0.0,0.0,1.0,2,10,1.0,0.0,0.0,0.0,0.0,0.0,superuser,R2L,warezclient
28725,116661,0,ftp_data,SF,334,0,0,1,0,0,2,0.0,0.0,0.0,0.0,1.0,8,16,1.0,0.0,0.0,0.0,0.0,0.0,admin,R2L,warezclient
28727,116664,0,ftp_data,SF,334,0,0,1,0,0,1,0.0,0.0,0.0,0.0,1.0,1,8,1.0,0.0,0.0,0.0,0.0,0.12,superuser,R2L,warezclient
28728,116667,0,ftp,SF,1202,2449,0,1,0,0,1,0.0,0.0,0.0,0.0,1.0,206,34,0.17,0.02,0.0,0.0,0.01,0.0,admin,R2L,warezclient
28884,117283,0,telnet,RSTO,125,179,0,0,0,0,2,0.0,0.0,1.0,1.0,1.0,8,8,1.0,0.0,0.12,0.12,0.88,0.88,technician,R2L,guess_passwd
29030,117850,1,ftp,SF,1119,2443,0,1,0,0,1,0.0,0.0,0.0,0.0,1.0,255,139,0.55,0.02,0.0,0.0,0.0,0.0,superuser,R2L,warezclient
29065,117992,0,ftp_data,SF,246,0,0,1,0,0,1,0.0,0.0,0.0,0.0,1.0,15,50,1.0,0.0,0.0,0.02,0.0,0.0,technician,R2L,warezclient
29125,118229,0,ftp_data,SF,334,0,0,1,0,0,2,0.0,0.0,0.0,0.0,1.0,4,47,1.0,0.0,0.0,0.0,0.0,0.0,superuser,R2L,warezclient
29131,118252,1,ftp,SF,1228,2451,0,1,0,0,1,0.0,0.0,0.0,0.0,1.0,255,117,0.46,0.02,0.0,0.0,0.01,0.0,superuser,R2L,warezclient
29270,118848,0,ftp,SF,1237,2451,0,1,0,0,1,0.0,0.0,0.0,0.0,1.0,188,16,0.09,0.03,0.01,0.0,0.01,0.0,technician,R2L,warezclient
29295,118926,1,ftp,SF,1193,2449,0,1,0,0,1,0.0,0.0,0.0,0.0,1.0,255,112,0.44,0.02,0.0,0.0,0.01,0.0,admin,R2L,warezclient
29355,119155,0,ftp_data,SF,334,0,0,1,0,0,1,0.0,0.0,0.0,0.0,1.0,13,24,1.0,0.0,0.0,0.0,0.0,0.0,superuser,R2L,warezclient
29420,119397,0,ftp,SF,1234,2451,0,1,0,0,1,0.0,0.0,0.0,0.0,1.0,255,105,0.41,0.02,0.0,0.0,0.0,0.0,superuser,R2L,warezclient
29575,120045,0,telnet,RSTR,126,179,0,0,0,0,2,0.0,0.0,1.0,1.0,1.0,37,37,1.0,0.0,0.05,0.05,0.95,0.95,technician,R2L,guess_passwd
29706,120520,0,ftp_data,SF,334,0,0,1,0,0,1,0.0,0.0,0.0,0.0,1.0,3,56,1.0,0.0,0.0,0.02,0.0,0.0,superuser,R2L,warezclient
29757,120693,1,ftp,SF,1142,2443,0,1,0,0,1,0.0,0.0,0.0,0.0,1.0,201,29,0.14,0.02,0.0,0.0,0.01,0.0,superuser,R2L,warezclient
29785,120825,0,ftp_data,SF,334,0,0,1,0,0,1,0.0,0.0,0.0,0.0,1.0,1,27,1.0,0.0,0.0,0.0,0.0,0.0,admin,R2L,warezclient
29834,121025,0,ftp_data,SF,334,0,0,1,0,0,1,0.0,0.0,0.0,0.0,1.0,3,14,1.0,0.0,0.0,0.0,0.0,0.0,admin,R2L,warezclient
29848,121085,0,ftp,SF,1191,2448,0,1,0,0,1,0.0,0.0,0.0,0.0,1.0,255,66,0.26,0.02,0.0,0.0,0.0,0.0,admin,R2L,warezclient
29858,121135,0,ftp_data,SF,334,0,0,1,0,0,1,0.0,0.0,0.0,0.0,1.0,6,43,1.0,0.0,0.0,0.0,0.0,0.0,technician,R2L,warezclient
29873,121179,0,ftp_data,SF,334,0,0,1,0,0,2,0.0,0.0,0.0,0.0,1.0,6,34,1.0,0.0,0.0,0.0,0.0,0.0,technician,R2L,warezclient
29884,121223,1,ftp,SF,1223,2451,0,1,0,0,1,0.0,0.0,0.0,0.0,1.0,219,47,0.21,0.02,0.0,0.0,0.01,0.0,technician,R2L,warezclient
29908,121305,0,ftp_data,SF,334,0,0,1,0,0,1,0.0,0.0,0.0,0.0,1.0,1,44,1.0,0.0,0.0,0.0,0.0,0.0,technician,R2L,warezclient
30063,121966,0,ftp_data,SF,334,0,0,1,0,0,2,0.0,0.0,0.0,0.0,1.0,6,24,1.0,0.0,0.0,0.0,0.0,0.0,admin,R2L,warezclient
30107,122128,0,telnet,RSTO,126,179,0,0,0,0,1,0.0,0.0,1.0,1.0,1.0,32,32,1.0,0.0,0.06,0.06,0.94,0.94,technician,R2L,guess_passwd
30147,122286,0,ftp_data,SF,334,0,0,1,0,0,2,0.0,0.0,0.0,0.0,1.0,2,4,1.0,0.0,0.0,0.0,0.0,0.0,technician,R2L,warezclient
30179,122429,0,ftp,SF,1267,2451,0,1,0,0,1,0.0,0.0,0.0,0.0,1.0,126,24,0.19,0.05,0.02,0.0,0.06,0.0,admin,R2L,warezclient
30205,122546,4,ftp_data,SF,832,0,0,1,0,0,1,0.0,0.0,0.0,0.0,1.0,7,18,1.0,0.0,0.0,0.0,0.0,0.0,superuser,R2L,warezclient
30219,122598,0,ftp_data,SF,334,0,0,1,0,0,1,0.0,0.0,0.0,0.0,1.0,255,68,0.27,0.13,0.02,0.01,0.0,0.0,technician,R2L,warezclient
30223,122611,0,ftp,SF,1231,2451,0,1,0,0,1,0.0,0.0,0.0,0.0,1.0,255,90,0.35,0.02,0.0,0.0,0.01,0.0,admin,R2L,warezclient
30257,122747,0,ftp_data,SF,334,0,0,1,0,0,1,0.0,0.0,0.0,0.0,1.0,8,63,0.88,0.25,0.25,0.02,0.0,0.0,superuser,R2L,warezclient
30415,123380,12,ftp_data,SF,7045,0,0,1,0,0,2,0.0,0.0,0.0,0.0,1.0,2,29,1.0,0.0,0.0,0.0,0.0,0.0,technician,R2L,warezclient
30473,123658,0,ftp_data,SF,334,0,0,1,0,0,1,0.0,0.0,0.0,0.0,1.0,9,19,1.0,0.0,0.0,0.0,0.0,0.0,technician,R2L,warezclient
30575,124080,12,ftp_data,SF,7045,0,0,1,0,0,2,0.5,0.5,0.0,0.0,1.0,2,58,1.0,0.0,0.5,0.02,0.0,0.0,superuser,R2L,warezclient
30669,124396,1,ftp,SF,1210,2449,0,1,0,0,1,0.0,0.0,0.0,0.0,1.0,208,36,0.17,0.02,0.0,0.0,0.01,0.0,superuser,R2L,warezclient
30784,124825,0,telnet,RSTO,126,179,0,0,0,0,2,0.0,0.0,1.0,1.0,1.0,18,18,1.0,0.0,0.06,0.06,0.94,0.94,superuser,R2L,guess_passwd
30798,124878,1,ftp,SF,1216,2449,0,1,0,0,1,0.0,0.0,0.0,0.0,1.0,255,126,0.49,0.02,0.0,0.0,0.0,0.0,technician,R2L,warezclient
30841,125065,0,telnet,RSTO,126,179,0,0,0,0,2,0.0,0.0,1.0,1.0,1.0,35,35,1.0,0.0,0.06,0.06,0.94,0.94,technician,R2L,guess_passwd
